,listingType,id,dateListed,price,priceFrom,priceTo,displayPrice,propertyType,bathrooms,bedrooms,carspaces,unitNumber,streetNumber,street,area,region,suburb,postcode,displayableAddress,renterPercentage,sp_numberSold,sp_estimatedRepayments,sp_forSale,sp_medianSoldPrice,sp_medianRentPrice,sp_daysOnMarket,sp_forRent,sp_entryLevelPrice,sp_2022_medianSoldPrice,sp_2022_numberSold,sp_2022_highestSoldPrice,sp_2022_lowestSoldPrice,sp_2022_5thPercentileSoldPrice,sp_2022_25thPercentileSoldPrice,sp_2022_75thPercentileSoldPrice,sp_2022_95thPercentileSoldPrice,sp_2022_medianSaleListingPrice,sp_2022_numberSaleListing,sp_2022_highestSaleListingPrice,sp_2022_lowestSaleListingPrice,sp_2022_auctionNumberAuctioned,sp_2022_auctionNumberSold,sp_2022_auctionNumberWithdrawn,sp_2022_daysOnMarket,sp_2022_discountPercentage,sp_2022_medianRentListingPrice,sp_2022_numberRentListing,sp_2022_highestRentListingPrice,sp_2022_lowestRentListingPrice,url,landArea
0,Sale,2017960201,2022-07-27T12:44:27,735612,735612,735612,"$735,612",House,2.0,3.0,2.0,Lot 105,17-18,Pagett Road,Frankston Council - Greater Area,Melbourne Region,CARRUM DOWNS,3201,"Lot 105/17-18 Pagett Road, Carrum Downs",0.29465799886941774,242.0,2260.961252116872,38.0,679000.0,425.0,34.0,12.0,550000.0,700000,372,1700000,283000,525000,620000,756000,835000,650000,467,4200000,50000,26,19,,31,3.2,430,271,650,277,https://www.domain.com.au/lot-105-17-18-pagett-road-carrum-downs-vic-3201-2017960201,
1,Sale,2017934574,2022-07-14T12:24:02,628000,628000,628000,"$628,000",House,1.0,3.0,2.0,,11,Shale Court,Brimbank City Council - Greater Area,Melbourne Region,DELAHEY,3037,"11 Shale Court, Delahey",0.23297914207005116,71.0,2157.7362170423166,12.0,648000.0,370.0,29.0,4.0,517000.0,655000,97,953000,420000,500000,595000,725000,851000,590000,110,820000,55000,55,37,,30,,375,75,480,300,https://www.domain.com.au/11-shale-court-delahey-vic-3037-2017934574,
2,Sale,2017920977,2022-07-07T15:24:49,600000,600000,600000,"$600,000",House,1.0,3.0,6.0,,3,Willow Street,Wyndham City Council - Greater Area,Melbourne Region,WERRIBEE,3030,"3 Willow Street, Werribee",0.32044362292051753,542.0,1798.1135142019307,76.0,540000.0,340.0,53.0,63.0,430000.0,590000,1078,1960000,238000,424000,512000,685000,973000,554000,2145,2800000,20000,315,203,,52,4.76,350,1641,600,87,https://www.domain.com.au/3-willow-street-werribee-vic-3030-2017920977,595.0
3,Sale,2017900632,2022-06-28T21:28:16,710000,710000,710000,"$710,000",House,1.0,3.0,4.0,,113,Powell Drive,Wyndham City Council - Greater Area,Melbourne Region,HOPPERS CROSSING,3029,"113 Powell Drive, Hoppers Crossing",0.24563282794990113,415.0,1931.3071078465182,50.0,580000.0,350.0,41.0,42.0,453000.0,610000,710,2691000,317000,435000,546000,680000,935000,575000,785,2300000,79000,283,184,,47,4.3,350,859,750,4,https://www.domain.com.au/113-powell-drive-hoppers-crossing-vic-3029-2017900632,884.0
4,Sale,2017872934,2022-06-15T16:25:29,700000,700000,700000,"$700,000",House,2.0,4.0,2.0,,2,Koombahla Court,Wyndham City Council - Greater Area,Melbourne Region,WERRIBEE,3030,"2 Koombahla Court, Werribee",0.32044362292051753,400.0,2164.395896724546,83.0,650000.0,380.0,45.0,48.0,518000.0,590000,1078,1960000,238000,424000,512000,685000,973000,554000,2145,2800000,20000,315,203,,52,4.76,350,1641,600,87,https://www.domain.com.au/2-koombahla-court-werribee-vic-3030-2017872934,393.0
5,Sale,2017936760,2022-07-14T21:43:17,620000,620000,650000,"$620,000 to $650,000",House,2.0,4.0,2.0,,48,Mirka Way,Wyndham City Council - Greater Area,Melbourne Region,POINT COOK,3030,"48 Mirka Way, Point Cook",0.30767119527926445,976.0,2537.3379589293913,159.0,762000.0,425.0,52.0,85.0,611000.0,740000,1517,3400000,75000,535000,649000,880000,1275000,700000,2066,15500000,30000,258,132,,54,4.18,410,2223,1200,7,https://www.domain.com.au/48-mirka-way-point-cook-vic-3030-2017936760,324.0
6,Sale,2017914936,2022-07-05T15:18:48,659000,659000,659000,"$659,000",House,2.0,3.0,2.0,1,14,McEwen Drive,Hume City Council - Greater Area,Melbourne Region,SUNBURY,3429,"1/14 McEwen Drive, Sunbury",0.2168743850442768,365.0,2031.2023030799587,48.0,610000.0,390.0,21.0,14.0,475000.0,657000,784,3000000,207000,480000,586000,775000,1200000,600000,1979,26250000,50000,64,34,,27,4.08,400,583,900,190,https://www.domain.com.au/1-14-mcewen-drive-sunbury-vic-3429-2017914936,
7,Sale,2017874360,2022-06-16T11:02:22,745000,745000,745000,"$745,000",House,2.0,4.0,1.0,,15,Oakwood Drive,Frankston Council - Greater Area,Melbourne Region,CARRUM DOWNS,3201,"15 Oakwood Drive, Carrum Downs",0.29465799886941774,89.0,2557.316997976079,11.0,768000.0,498.0,20.0,3.0,678000.0,700000,372,1700000,283000,525000,620000,756000,835000,650000,467,4200000,50000,26,19,,31,3.2,430,271,650,277,https://www.domain.com.au/15-oakwood-drive-carrum-downs-vic-3201-2017874360,703.0
8,Sale,2017870717,2022-06-15T09:40:15,760000,760000,760000,"$760,000",House,1.0,3.0,1.0,,35,Andrews Avenue,Darebin City Council - Greater Area,Melbourne Region,RESERVOIR,3073,"35 Andrews Avenue, Reservoir",0.37935233877663993,395.0,2953.567939068727,66.0,887000.0,430.0,58.0,48.0,668000.0,860000,758,2300000,25000,570000,702000,1050000,1380000,750000,893,3000000,125000,594,385,,66,6.92,410,1358,2391,64,https://www.domain.com.au/35-andrews-avenue-reservoir-vic-3073-2017870717,548.0
9,Sale,2017914071,2022-07-05T12:29:24,580000,580000,620000,"$580,000 to $620,000",House,2.0,3.0,1.0,,20,Gadener Drive,Wyndham City Council - Greater Area,Melbourne Region,POINT COOK,3030,"20 Gadener Drive, Point Cook",0.30767119527926445,354.0,2127.767658472285,56.0,639000.0,390.0,57.0,24.0,512000.0,740000,1517,3400000,75000,535000,649000,880000,1275000,700000,2066,15500000,30000,258,132,,54,4.18,410,2223,1200,7,https://www.domain.com.au/20-gadener-drive-point-cook-vic-3030-2017914071,320.0
10,Sale,2017888177,2022-06-22T16:36:47,720000,720000,720000,"$720,000",House,2.0,3.0,2.0,,3,Jammon Close,Casey City - Greater Area,Melbourne Region,HAMPTON PARK,3976,"3 Jammon Close, Hampton Park",0.27167710508002785,238.0,2097.7990999022527,31.0,630000.0,380.0,28.0,27.0,520000.0,650000,388,2480000,60000,515000,600000,700000,810000,600000,498,1350000,60000,20,11,,33,2.85,380,369,770,320,https://www.domain.com.au/3-jammon-close-hampton-park-vic-3976-2017888177,273.0
11,Sale,2017886824,2022-06-22T13:04:15,670000,670000,690000,"$670,000 to $690,000",House,2.0,4.0,2.0,,9,Lusitano Way,Casey City - Greater Area,Melbourne Region,CLYDE NORTH,3978,"9 Lusitano Way, Clyde North",0.23779724655819776,482.0,2437.4427636959504,116.0,732000.0,460.0,44.0,37.0,613000.0,715000,723,2215000,153000,555000,648000,830000,1080000,687000,3628,7182000,56000,24,8,,43,4.31,450,683,2042,300,https://www.domain.com.au/9-lusitano-way-clyde-north-vic-3978-2017886824,400.0
12,Sale,2017863500,2022-06-10T11:44:14,580000,580000,580000,"$580,000",House,2.0,3.0,2.0,,887,Edgars Road,Whittlesea City Council - Greater Area,Melbourne Region,EPPING,3076,"887 Edgars Road, Epping",0.28884564170849125,262.0,2157.7362170423166,28.0,648000.0,390.0,44.0,29.0,500000.0,683000,478,1330000,391000,491000,600000,762000,950000,620000,623,1500000,60000,330,242,,46,5.38,395,650,1825,7,https://www.domain.com.au/887-edgars-road-epping-vic-3076-2017863500,
13,Sale,2017857720,2022-06-08T13:24:41,700000,700000,700000,"$700,000",House,2.0,4.0,3.0,,26,Brentwood Crescent,Frankston Council - Greater Area,Melbourne Region,FRANKSTON,3199,"26 Brentwood Crescent, Frankston",0.4113053446052443,223.0,2763.76706812519,30.0,830000.0,505.0,32.0,6.0,665000.0,765000,826,5050000,231000,550000,680000,860000,1150000,700000,908,5300000,10000,214,147,,30,4.31,440,693,2200,125,https://www.domain.com.au/26-brentwood-crescent-frankston-vic-3199-2017857720,559.0
14,Sale,2017952202,2022-07-22T13:56:33,650000,650000,715000,"$650,000 to $715,000",House,1.0,4.0,,,24,Madigan Crecent,Whittlesea City Council - Greater Area,Melbourne Region,MILL PARK,3082,"24 Madigan Crecent, Mill Park",0.21395795539430157,113.0,2933.5889000220386,14.0,881000.0,450.0,40.0,10.0,710000.0,801000,346,1690000,440000,565000,705000,918000,1300000,719000,355,1550000,150000,294,231,,36,,400,396,720,99,https://www.domain.com.au/24-madigan-crecent-mill-park-vic-3082-2017952202,
15,Sale,2017922237,2022-07-08T10:23:13,650000,650000,710000,"$650,000 to $710,000",House,2.0,3.0,2.0,,5,Rowen Court,Casey City - Greater Area,Melbourne Region,CRANBOURNE NORTH,3977,"5 Rowen Court, Cranbourne North",0.23298791018998272,214.0,2124.43781863117,33.0,638000.0,400.0,30.0,12.0,520000.0,685000,445,1474000,77000,520000,625000,755000,920000,660000,541,1550000,55000,18,9,,31,3.67,430,385,690,295,https://www.domain.com.au/5-rowen-court-cranbourne-north-vic-3977-2017922237,551.0
16,Sale,2017886537,2022-06-22T12:04:31,789000,789000,789000,"$789,000",House,1.0,2.0,,,74,Francis Street,Maribyrnong City Council - Greater Area,Melbourne Region,YARRAVILLE,3013,"74 Francis Street, Yarraville",0.0,78.0,3263.243044292393,9.0,980000.0,495.0,59.0,9.0,620000.0,1205000,295,3202000,420000,740000,1010000,1445000,2010000,1100000,323,3150000,65000,217,147,,50,5.99,530,515,1200,8,https://www.domain.com.au/74-francis-street-yarraville-vic-3013-2017886537,
17,Sale,2017875430,2022-06-16T14:20:03,595000,595000,595000,"$595,000",House,2.0,4.0,2.0,,22,Heddle Parade,Whittlesea City Council - Greater Area,Melbourne Region,MERNDA,3754,"22 Heddle Parade, Mernda",0.2833398513883457,262.0,2397.4846856025742,43.0,720000.0,420.0,40.0,17.0,560000.0,680000,495,4150000,340000,484000,600000,762000,1010000,640000,662,3875000,58000,214,143,,51,4.39,410,542,850,275,https://www.domain.com.au/22-heddle-parade-mernda-vic-3754-2017875430,343.0
18,Sale,2017868918,2022-06-14T13:49:41,729000,729000,729000,"$729,000",House,1.0,2.0,,,16,Swan Street,Maribyrnong City Council - Greater Area,Melbourne Region,FOOTSCRAY,3011,"16 Swan Street, Footscray",0.0,68.0,2830.3638649474833,11.0,850000.0,430.0,55.0,15.0,533000.0,967000,190,2200000,311000,559000,810000,1216000,1476000,870000,278,5000000,125000,169,111,,87,5.29,460,515,1200,92,https://www.domain.com.au/16-swan-street-footscray-vic-3011-2017868918,
19,Sale,2017928816,2022-07-12T14:04:35,610000,610000,610000,"$610,000",House,1.0,3.0,2.0,,15,Willis Court,Hobsons Bay City Council - Greater Area,Melbourne Region,ALTONA MEADOWS,3028,"15 Willis Court, Altona Meadows",0.2830188679245283,148.0,2447.4322832192947,30.0,735000.0,370.0,41.0,20.0,515000.0,748000,237,1360000,400000,478000,668000,855000,1155000,720000,300,1400000,350000,72,43,,43,4.0,370,317,600,7,https://www.domain.com.au/15-willis-court-altona-meadows-vic-3028-2017928816,
20,Sale,2017920690,2022-07-07T14:32:27,685000,685000,685000,"$685,000",House,2.0,3.0,2.0,,12,McLaren Avenue,Casey City - Greater Area,Melbourne Region,CRANBOURNE,3977,"12 McLaren Avenue, Cranbourne",0.3125674633770239,292.0,2031.2023030799587,54.0,610000.0,385.0,35.0,15.0,500000.0,635000,472,1700000,360000,455000,580000,700000,943000,600000,587,7980000,212000,20,14,,43,3.76,390,381,570,250,https://www.domain.com.au/12-mclaren-avenue-cranbourne-vic-3977-2017920690,584.0
21,Sale,2017922379,2022-07-08T11:04:48,559000,559000,559000,"$559,000",House,1.0,3.0,,,57,Sladen Street,Casey City - Greater Area,Melbourne Region,CRANBOURNE,3977,"57 Sladen Street, Cranbourne",0.3125674633770239,292.0,2031.2023030799587,54.0,610000.0,385.0,35.0,15.0,500000.0,635000,472,1700000,360000,455000,580000,700000,943000,600000,587,7980000,212000,20,14,,43,3.76,390,381,570,250,https://www.domain.com.au/57-sladen-street-cranbourne-vic-3977-2017922379,636.0
22,Sale,2017881605,2022-06-20T15:10:46,695000,695000,695000,"$695,000",House,2.0,4.0,2.0,,9,Dryandra Place,Casey City - Greater Area,Melbourne Region,CRANBOURNE,3977,"9 Dryandra Place, Cranbourne",0.3125674633770239,127.0,2464.081482424868,21.0,740000.0,450.0,46.0,2.0,590000.0,635000,472,1700000,360000,455000,580000,700000,943000,600000,587,7980000,212000,20,14,,43,3.76,390,381,570,250,https://www.domain.com.au/9-dryandra-place-cranbourne-vic-3977-2017881605,635.0
23,Sale,2017710533,2022-04-04T11:04:55,765000,765000,765000,"$765,000",House,1.0,3.0,3.0,,16,Mills Street,Brimbank City Council - Greater Area,Melbourne Region,SUNSHINE NORTH,3020,"16 Mills Street, Sunshine North",0.29147331786542924,102.0,2380.8354863970008,23.0,715000.0,370.0,79.0,18.0,600000.0,700000,181,1639000,385000,519000,615000,800000,1100000,700000,270,1730000,355000,89,49,,70,5.4,370,207,650,108,https://www.domain.com.au/16-mills-street-sunshine-north-vic-3020-2017710533,604.0
24,Sale,2017947740,2022-07-20T17:52:51,650000,650000,650000,"$650,000",House,2.0,3.0,2.0,,12,Spirit Crescent,Geelong & District - Greater Area,Melbourne Region,ARMSTRONG CREEK,3217,"12 Spirit Crescent, Armstrong Creek",,,,,,,,,,,,,,,,,,,,,,,,,,,,,,,https://www.domain.com.au/12-spirit-crescent-armstrong-creek-vic-3217-2017947740,288.0
25,Sale,2017938548,2022-07-15T16:32:41,800000,800000,800000,"$800,000",House,2.0,3.0,2.0,,8,Witternberg Avenue,Frankston Council - Greater Area,Melbourne Region,FRANKSTON,3199,"8 Witternberg Avenue, Frankston",0.4113053446052443,465.0,2480.7306816304413,59.0,745000.0,440.0,29.0,35.0,600000.0,765000,826,5050000,231000,550000,680000,860000,1150000,700000,908,5300000,10000,214,147,,30,4.31,440,693,2200,125,https://www.domain.com.au/8-witternberg-avenue-frankston-vic-3199-2017938548,650.0
26,Sale,2017922377,2022-07-08T11:04:44,679950,679950,679950,"$679,950",House,2.0,4.0,2.0,,59,Lawless Drive,Casey City - Greater Area,Melbourne Region,CRANBOURNE NORTH,3977,"59 Lawless Drive, Cranbourne North",0.23298791018998272,192.0,2497.3798808360148,31.0,750000.0,470.0,29.0,8.0,633000.0,685000,445,1474000,77000,520000,625000,755000,920000,660000,541,1550000,55000,18,9,,31,3.67,430,385,690,295,https://www.domain.com.au/59-lawless-drive-cranbourne-north-vic-3977-2017922377,561.0
27,Sale,2017916188,2022-07-06T09:13:07,649950,649950,649950,"$649,950",House,2.0,4.0,2.0,,4,Fiorelli Boulevard,Casey City - Greater Area,Melbourne Region,CRANBOURNE EAST,3977,"4 Fiorelli Boulevard, Cranbourne East",,,,,,,,,,,,,,,,,,,,,,,,,,,,,,,https://www.domain.com.au/4-fiorelli-boulevard-cranbourne-east-vic-3977-2017916188,374.0
28,Sale,2017910424,2022-07-03T12:43:29,680000,680000,730000,"$680,000 to $730,000",House,2.0,3.0,2.0,,5,Ayredale Street,Casey City - Greater Area,Melbourne Region,CLYDE,3978,"5 Ayredale Street, Clyde",0.24328358208955222,116.0,1997.903904668812,14.0,600000.0,410.0,43.0,8.0,459000.0,660000,316,11000000,395000,490000,600000,740000,978000,600000,1751,2800000,77000,6,5,,43,3.35,440,314,670,355,https://www.domain.com.au/5-ayredale-street-clyde-vic-3978-2017910424,392.0
29,Sale,2017908451,2022-07-01T13:21:44,720000,720000,720000,"$720,000",House,2.0,4.0,2.0,,33,Border Collie Close,Geelong & District - Greater Area,Melbourne Region,CURLEWIS,3222,"33 Border Collie Close, Curlewis",0.23828920570264767,79.0,2330.8878887802807,22.0,700000.0,440.0,35.0,5.0,610000.0,700000,112,4200000,495000,600000,645000,785000,1480000,680000,139,4000000,470000,1,1,,32,3.93,440,109,850,170,https://www.domain.com.au/33-border-collie-close-curlewis-vic-3222-2017908451,530.0
30,Sale,2017906007,2022-06-30T15:20:33,659950,659950,659950,"$659,950",House,2.0,4.0,2.0,,3,Pony Court,Casey City - Greater Area,Melbourne Region,CRANBOURNE EAST,3977,"3 Pony Court, Cranbourne East",,,,,,,,,,,,,,,,,,,,,,,,,,,,,,,https://www.domain.com.au/3-pony-court-cranbourne-east-vic-3977-2017906007,448.0
31,Sale,2017689375,2022-06-30T09:26:48,579000,579000,579000,"$579,000",House,1.0,3.0,4.0,,1841,Healesville-Kinglake Road,Eildon & Murrindindi - Greater Area,Melbourne Region,TOOLANGI,3777,"1841 Healesville-Kinglake Road, Toolangi",0.14414414414414414,2.0,0.0,1.0,0.0,0.0,0.0,0.0,0.0,,5,1490000,628000,,,,,,7,1380000,535000,,,,,,,,,,https://www.domain.com.au/1841-healesville-kinglake-road-toolangi-vic-3777-2017689375,7284.0
32,Sale,2017897017,2022-06-27T15:55:10,720000,720000,720000,"$720,000",House,1.0,3.0,3.0,,12,Dandarriga Drive,Geelong & District - Greater Area,Melbourne Region,CLIFTON SPRINGS,3222,"12 Dandarriga Drive, Clifton Springs",0.18915110954561465,123.0,2214.3434943412667,18.0,665000.0,420.0,27.0,7.0,565000.0,707000,214,3600000,385000,560000,640000,832000,1050000,680000,239,3450000,379000,26,14,,40,3.74,430,112,700,320,https://www.domain.com.au/12-dandarriga-drive-clifton-springs-vic-3222-2017897017,682.0
33,Sale,2017888404,2022-06-22T17:06:12,670000,670000,695000,"$685,000",House,2.0,4.0,2.0,,22,Shearwater Drive,Geelong & District - Greater Area,Melbourne Region,ARMSTRONG CREEK,3217,"22 Shearwater Drive, Armstrong Creek",,,,,,,,,,,,,,,,,,,,,,,,,,,,,,,https://www.domain.com.au/22-shearwater-drive-armstrong-creek-vic-3217-2017888404,400.0
34,Sale,2017886562,2022-06-22T12:07:26,599950,599950,599950,"$599,950",House,1.0,3.0,2.0,,44,Willora Crescent,Casey City - Greater Area,Melbourne Region,CRANBOURNE WEST,3977,"44 Willora Crescent, Cranbourne West",0.21359874748378438,219.0,2047.8515022855322,26.0,615000.0,400.0,25.0,7.0,485000.0,660000,433,1360000,220000,495000,600000,750000,950000,630000,500,1300000,55000,8,6,,28,3.01,420,281,895,250,https://www.domain.com.au/44-willora-crescent-cranbourne-west-vic-3977-2017886562,532.0
35,Sale,2017884028,2022-06-21T13:42:40,710000,710000,710000,"$710,000",House,1.0,3.0,2.0,,14,Barbara Avenue,Dandenong - Greater Area,Melbourne Region,DANDENONG NORTH,3175,"14 Barbara Avenue, Dandenong North",0.28518989128900185,171.0,2347.537087985854,38.0,705000.0,390.0,53.0,12.0,565000.0,736000,300,3975000,350000,550000,678000,835000,1100000,690000,378,3700000,68000,135,86,,54,3.44,390,271,750,150,https://www.domain.com.au/14-barbara-avenue-dandenong-north-vic-3175-2017884028,573.0
36,Sale,2017833235,2022-05-27T10:53:14,715000,715000,715000,"$715,000",House,1.0,3.0,1.0,,69,Darebin Drive,Whittlesea City Council - Greater Area,Melbourne Region,THOMASTOWN,3074,"69 Darebin Drive, Thomastown",0.2807646356033453,177.0,2397.4846856025742,17.0,720000.0,380.0,72.0,17.0,565000.0,728000,252,1200000,380000,540000,660000,815000,955000,700000,284,2000000,330000,176,122,,60,,380,350,1776,8,https://www.domain.com.au/69-darebin-drive-thomastown-vic-3074-2017833235,539.0
37,Sale,2017821294,2022-05-23T11:54:45,650000,650000,650000,"$650,000",House,2.0,3.0,2.0,,4,British Place,Wyndham City Council - Greater Area,Melbourne Region,HOPPERS CROSSING,3029,"4 British Place, Hoppers Crossing",0.24563282794990113,415.0,1931.3071078465182,50.0,580000.0,350.0,41.0,42.0,453000.0,610000,710,2691000,317000,435000,546000,680000,935000,575000,785,2300000,79000,283,184,,47,4.3,350,859,750,4,https://www.domain.com.au/4-british-place-hoppers-crossing-vic-3029-2017821294,670.0
38,Sale,2017775066,2022-05-03T09:57:53,700000,700000,700000,"$700,000",House,2.0,4.0,4.0,,25,Almond Close,Wyndham City Council - Greater Area,Melbourne Region,WERRIBEE,3030,"25 Almond Close, Werribee",0.32044362292051753,400.0,2164.395896724546,83.0,650000.0,380.0,45.0,48.0,518000.0,590000,1078,1960000,238000,424000,512000,685000,973000,554000,2145,2800000,20000,315,203,,52,4.76,350,1641,600,87,https://www.domain.com.au/25-almond-close-werribee-vic-3030-2017775066,
39,Sale,2017666943,2022-03-16T15:04:52,759000,759000,759000,"$759,000",House,1.0,3.0,1.0,,203,Gladstone Road,Dandenong - Greater Area,Melbourne Region,DANDENONG NORTH,3175,"203 Gladstone Road, Dandenong North",0.28518989128900185,171.0,2347.537087985854,38.0,705000.0,390.0,53.0,12.0,565000.0,736000,300,3975000,350000,550000,678000,835000,1100000,690000,378,3700000,68000,135,86,,54,3.44,390,271,750,150,https://www.domain.com.au/203-gladstone-road-dandenong-north-vic-3175-2017666943,600.0
40,NewHomes,2017213465,2021-08-25T11:57:54,559900,559900,559900,"$559,900",House,2.0,4.0,1.0,,,,Whittlesea City Council - Greater Area,Melbourne Region,WOLLERT,3750,Wollert,0.21390168970814133,354.0,2400.814525443689,113.0,721000.0,450.0,80.0,20.0,578000.0,669000,601,1600000,320000,471000,590000,775000,975000,607000,2351,1650000,15000,190,112,,74,4.29,420,521,,310,https://www.domain.com.au/wollert-vic-3750-2017213465,143.0
41,Sale,2017166726,2021-08-02T11:57:41,759000,759000,759000,"$759,000",House,2.0,4.0,2.0,16,Olivia Street,,Hume City Council - Greater Area,Melbourne Region,SUNBURY,3429,"16/Olivia Street , Sunbury",0.2168743850442768,329.0,2424.1234043314917,54.0,728000.0,460.0,32.0,7.0,555000.0,657000,784,3000000,207000,480000,586000,775000,1200000,600000,1979,26250000,50000,64,34,,27,4.08,400,583,900,190,https://www.domain.com.au/16-olivia-street-sunbury-vic-3429-2017166726,852.0
42,Sale,2016580443,2020-10-27T14:52:32,485000,485000,485000,"$485,000",House,2.0,3.0,2.0,1,230V,Harvest Home Road,Whittlesea City Council - Greater Area,Melbourne Region,WOLLERT,3750,"1/230V Harvest Home Road, Wollert",0.21390168970814133,182.0,1924.6474281642888,33.0,578000.0,400.0,47.0,14.0,470000.0,669000,601,1600000,320000,471000,590000,775000,975000,607000,2351,1650000,15000,190,112,,74,4.29,420,521,,310,https://www.domain.com.au/1-230v-harvest-home-road-wollert-vic-3750-2016580443,
43,Sale,2017830668,2022-07-27T21:24:04,680000,680000,730000,"$680,000 to $730,000",House,2.0,4.0,2.0,,61,NELSON STREET,Casey City - Greater Area,Melbourne Region,CRANBOURNE EAST,3977,"61 NELSON STREET, Cranbourne East",,,,,,,,,,,,,,,,,,,,,,,,,,,,,,,https://www.domain.com.au/61-nelson-street-cranbourne-east-vic-3977-2017830668,448.0
44,Sale,2017960717,2022-07-27T14:12:43,595000,595000,595000,"$595,000",House,2.0,3.0,1.0,,Lot 3539,Gumtree Way,Melton City - Greater Area,Melbourne Region,FRASER RISE,3336,"Lot 3539 Gumtree Way, Fraser Rise",,,,,,,,,,,,,,,,,,,,,,,,,,,,,,,https://www.domain.com.au/lot-3539-gumtree-way-fraser-rise-vic-3336-2017960717,294.0
45,NewHomes,2017959865,2022-07-27T11:35:42,700000,700000,700000,"$700,000",House,2.0,4.0,2.0,,26,Nira Drive,Hume City Council - Greater Area,Melbourne Region,SUNBURY,3429,"26 Nira Drive, Sunbury",0.2168743850442768,329.0,2424.1234043314917,54.0,728000.0,460.0,32.0,7.0,555000.0,657000,784,3000000,207000,480000,586000,775000,1200000,600000,1979,26250000,50000,64,34,,27,4.08,400,583,900,190,https://www.domain.com.au/26-nira-drive-sunbury-vic-3429-2017959865,
46,Sale,2017951652,2022-07-22T11:29:42,554545,554545,554545,"$554,545",House,2.0,3.0,,,Lot 219,Daintree Entrance,Whittlesea City Council - Greater Area,Melbourne Region,DONNYBROOK,3064,"Lot 219 Daintree Entrance, Donnybrook",0.2857142857142857,20.0,1851.3909516597657,13.0,556000.0,380.0,36.0,2.0,327000.0,632000,117,2000000,327000,490000,580000,707000,880000,567000,1194,2800000,58000,6,3,,87,,420,117,550,340,https://www.domain.com.au/lot-219-daintree-entrance-donnybrook-vic-3064-2017951652,
47,Sale,2017945133,2022-07-20T09:38:05,570000,570000,570000,"$570,000",House,1.0,2.0,1.0,85,10,Skylark Bvd,Casey City - Greater Area,Melbourne Region,CLYDE NORTH,3978,"85/10 Skylark Bvd, Clyde North",0.23779724655819776,9.0,0.0,1.0,0.0,0.0,0.0,0.0,0.0,715000,723,2215000,153000,555000,648000,830000,1080000,687000,3628,7182000,56000,24,8,,43,4.31,450,683,2042,300,https://www.domain.com.au/85-10-skylark-bvd-clyde-north-vic-3978-2017945133,
48,Sale,2017939393,2022-07-17T12:24:19,691079,691079,691079,"$691,079",House,2.0,4.0,2.0,,Lot 1819,Cornerstone,Wyndham City Council - Greater Area,Melbourne Region,WERRIBEE,3030,"Lot 1819 Cornerstone, Werribee",0.32044362292051753,400.0,2164.395896724546,83.0,650000.0,380.0,45.0,48.0,518000.0,590000,1078,1960000,238000,424000,512000,685000,973000,554000,2145,2800000,20000,315,203,,52,4.76,350,1641,600,87,https://www.domain.com.au/lot-1819-cornerstone-werribee-vic-3030-2017939393,400.0
49,Sale,2017939270,2022-07-16T17:08:16,743957,743957,743957,"$743,957",House,2.0,4.0,2.0,,Lot 1,Forrest Green,Geelong & District - Greater Area,Melbourne Region,ARMSTRONG CREEK,3217,"Lot 1 Forrest Green, Armstrong Creek",,,,,,,,,,,,,,,,,,,,,,,,,,,,,,,https://www.domain.com.au/lot-1-forrest-green-armstrong-creek-vic-3217-2017939270,
50,Sale,2014481021,2022-07-11T15:20:37,485000,485000,485000,"$485,000",House,1.0,2.0,1.0,56,37,View Mount Road,Monash City - Greater Area,Melbourne Region,GLEN WAVERLEY,3150,"56/37 View Mount Road, Glen Waverley",0.25553442373526053,25.0,4079.053805365491,10.0,1225000.0,435.0,125.0,4.0,550000.0,1600000,557,5200000,380000,960000,1398000,1906000,3003000,1400000,634,5200000,155000,265,188,,52,4.43,540,793,1730,350,https://www.domain.com.au/56-37-view-mount-road-glen-waverley-vic-3150-2014481021,
51,Sale,2017919907,2022-07-07T11:56:59,480000,480000,480000,"$480,000",House,2.0,2.0,1.0,928,18,Albert Street,Maribyrnong City Council - Greater Area,Melbourne Region,FOOTSCRAY,3011,"928/18 Albert Street, Footscray",0.0,68.0,2830.3638649474833,11.0,850000.0,430.0,55.0,15.0,533000.0,967000,190,2200000,311000,559000,810000,1216000,1476000,870000,278,5000000,125000,169,111,,87,5.29,460,515,1200,92,https://www.domain.com.au/928-18-albert-street-footscray-vic-3011-2017919907,
52,Sale,2017898385,2022-06-28T11:11:25,748140,748140,748140,"$748,140.00",House,2.0,4.0,2.0,,106,Gamon Street,Hume City Council - Greater Area,Melbourne Region,MICKLEHAM,3064,"106 Gamon Street, Mickleham",0.07371794871794872,325.0,2297.5894903691337,83.0,690000.0,430.0,51.0,20.0,575000.0,656000,539,25600000,259000,500000,593000,740000,990000,612000,1738,5500000,93000,121,66,,54,4.32,410,418,1760,340,https://www.domain.com.au/106-gamon-street-mickleham-vic-3064-2017898385,
53,Sale,2017894388,2022-06-24T17:21:24,738271,738271,738271,"$738,271",House,2.0,4.0,2.0,,Lot 606,The Reserve Tahara 223,Geelong & District - Greater Area,Melbourne Region,CHARLEMONT,3217,"Lot 606 The Reserve Tahara 223, Charlemont",,,,,,,,,,675000,75,1300000,495000,538000,595000,738000,860000,585000,696,1192000,189000,1,,,24,,450,121,695,390,https://www.domain.com.au/lot-606-the-reserve-tahara-223-charlemont-vic-3217-2017894388,502.0
54,Sale,2017878617,2022-06-17T15:54:30,429900,429900,429900,"$429,900.00",House,1.0,2.0,1.0,,534,Leafy Street,Geelong & District - Greater Area,Melbourne Region,LARA,3212,"534 Leafy Street, Lara",0.2276803118908382,21.0,1571.684405006132,3.0,472000.0,350.0,62.0,0.0,323000.0,704000,327,6010000,320000,480000,620000,830000,1380000,589000,976,3400000,186000,76,45,,27,3.59,470,278,950,180,https://www.domain.com.au/534-leafy-street-lara-vic-3212-2017878617,
55,Sale,2017878610,2022-06-17T15:53:15,434900,434900,434900,"$434,900.00",House,1.0,2.0,1.0,,533,Leafy Street,Geelong & District - Greater Area,Melbourne Region,LARA,3212,"533 Leafy Street, Lara",0.2276803118908382,21.0,1571.684405006132,3.0,472000.0,350.0,62.0,0.0,323000.0,704000,327,6010000,320000,480000,620000,830000,1380000,589000,976,3400000,186000,76,45,,27,3.59,470,278,950,180,https://www.domain.com.au/533-leafy-street-lara-vic-3212-2017878610,
56,Sale,2017878217,2022-06-17T14:28:34,660000,660000,660000,"$660,000",House,2.0,3.0,2.0,,9,Gammage Boulevard,Whittlesea City Council - Greater Area,Melbourne Region,EPPING,3076,"9 Gammage Boulevard, Epping",0.28884564170849125,262.0,2157.7362170423166,28.0,648000.0,390.0,44.0,29.0,500000.0,683000,478,1330000,391000,491000,600000,762000,950000,620000,623,1500000,60000,330,242,,46,5.38,395,650,1825,7,https://www.domain.com.au/9-gammage-boulevard-epping-vic-3076-2017878217,
57,Sale,2017867702,2022-06-14T08:36:33,800000,800000,850000,"$800,000 to $850,000",House,1.0,3.0,2.0,,19,Finlay Street,Frankston Council - Greater Area,Melbourne Region,FRANKSTON,3199,"19 Finlay Street, Frankston",0.4113053446052443,465.0,2480.7306816304413,59.0,745000.0,440.0,29.0,35.0,600000.0,765000,826,5050000,231000,550000,680000,860000,1150000,700000,908,5300000,10000,214,147,,30,4.31,440,693,2200,125,https://www.domain.com.au/19-finlay-street-frankston-vic-3199-2017867702,840.0
58,Sale,2017803165,2022-05-13T11:16:29,690000,690000,690000,"$690,000",House,2.0,4.0,2.0,,12,Amiable Parade,Geelong & District - Greater Area,Melbourne Region,ARMSTRONG CREEK,3217,"12 Amiable Parade, Armstrong Creek",,,,,,,,,,,,,,,,,,,,,,,,,,,,,,,https://www.domain.com.au/12-amiable-parade-armstrong-creek-vic-3217-2017803165,400.0
59,Sale,2017796785,2022-05-11T12:47:22,635500,635500,635500,"$635,500",House,2.0,4.0,2.0,,16,Oreilly Road,Wyndham City Council - Greater Area,Melbourne Region,TARNEIT,3029,"16 Oreilly Road, Tarneit",0.30038510911424904,817.0,2181.0450959301197,221.0,655000.0,400.0,59.0,79.0,550000.0,625000,1340,1400000,278000,460000,560000,695000,855000,592000,5354,6978000,,128,81,,61,3.74,385,1909,740,7,https://www.domain.com.au/16-oreilly-road-tarneit-vic-3029-2017796785,415.0
60,Sale,2017639593,2022-03-04T12:55:38,750000,750000,750000,"$750,000",House,2.0,4.0,2.0,,35,Victorking Drive,Wyndham City Council - Greater Area,Melbourne Region,POINT COOK,3030,"35 Victorking Drive, Point Cook",0.30767119527926445,976.0,2537.3379589293913,159.0,762000.0,425.0,52.0,85.0,611000.0,740000,1517,3400000,75000,535000,649000,880000,1275000,700000,2066,15500000,30000,258,132,,54,4.18,410,2223,1200,7,https://www.domain.com.au/35-victorking-drive-point-cook-vic-3030-2017639593,375.0
61,Sale,2017943639,2022-07-19T14:43:20,730000,730000,780000,"$730,000 to $780,000",House,2.0,4.0,2.0,,6,Hollybush Avenue,Casey City - Greater Area,Melbourne Region,CLYDE,3978,"6 Hollybush Avenue, Clyde",0.24328358208955222,170.0,2330.8878887802807,36.0,700000.0,450.0,41.0,15.0,590000.0,660000,316,11000000,395000,490000,600000,740000,978000,600000,1751,2800000,77000,6,5,,43,3.35,440,314,670,355,https://www.domain.com.au/6-hollybush-avenue-clyde-vic-3978-2017943639,366.0
62,Sale,2017933971,2022-07-14T10:32:36,685000,685000,685000,"$685,000",House,2.0,3.0,1.0,,9,Reginald Court,Casey City - Greater Area,Melbourne Region,CRANBOURNE WEST,3977,"9 Reginald Court, Cranbourne West",0.21359874748378438,219.0,2047.8515022855322,26.0,615000.0,400.0,25.0,7.0,485000.0,660000,433,1360000,220000,495000,600000,750000,950000,630000,500,1300000,55000,8,6,,28,3.01,420,281,895,250,https://www.domain.com.au/9-reginald-court-cranbourne-west-vic-3977-2017933971,537.0
63,Sale,2017899431,2022-06-28T14:49:18,645000,645000,645000,"$645,000",House,1.0,3.0,2.0,,4,Rees Road,Hume City Council - Greater Area,Melbourne Region,SUNBURY,3429,"4 Rees Road, Sunbury",0.2168743850442768,365.0,2031.2023030799587,48.0,610000.0,390.0,21.0,14.0,475000.0,657000,784,3000000,207000,480000,586000,775000,1200000,600000,1979,26250000,50000,64,34,,27,4.08,400,583,900,190,https://www.domain.com.au/4-rees-road-sunbury-vic-3429-2017899431,660.0
64,Sale,2017889964,2022-06-23T12:24:25,729000,729000,729000,"$729,000",House,2.0,4.0,2.0,,1,Davidson Court,Hume City Council - Greater Area,Melbourne Region,ATTWOOD,3049,"1 Davidson Court, Attwood",0.10038240917782026,24.0,3296.54144270354,3.0,990000.0,0.0,16.0,0.0,765000.0,955000,44,1830000,585000,650000,767000,1150000,1375000,880000,43,1800000,580000,34,25,,21,,395,10,650,370,https://www.domain.com.au/1-davidson-court-attwood-vic-3049-2017889964,742.0
65,Sale,2017865450,2022-06-10T18:27:32,660000,660000,720000,"$660,000 to $720,000",House,2.0,4.0,2.0,,64,Hemingway Drive,Melton City - Greater Area,Melbourne Region,ROCKBANK,3335,"64 Hemingway Drive, Rockbank",,,,,,,,,,,,,,,,,,,,,,,,,,,,,,,https://www.domain.com.au/64-hemingway-drive-rockbank-vic-3335-2017865450,350.0
66,Sale,2017862448,2022-06-09T17:19:35,497500,497500,497500,"$497,500",House,2.0,3.0,1.0,,Lot 1365,Delhi Grove,Melton City - Greater Area,Melbourne Region,ROCKBANK,3335,"Lot 1365 Delhi Grove, Rockbank",,,,,,,,,,,,,,,,,,,,,,,,,,,,,,,https://www.domain.com.au/lot-1365-delhi-grove-rockbank-vic-3335-2017862448,238.0
67,Sale,2017862386,2022-06-09T17:06:34,800000,800000,800000,"$800,000",House,2.0,4.0,2.0,,Lot 182,Bickerton Crescent,Whittlesea City Council - Greater Area,Melbourne Region,MERNDA,3754,"Lot 182 Bickerton Crescent, Mernda",0.2833398513883457,262.0,2397.4846856025742,43.0,720000.0,420.0,40.0,17.0,560000.0,680000,495,4150000,340000,484000,600000,762000,1010000,640000,662,3875000,58000,214,143,,51,4.39,410,542,850,275,https://www.domain.com.au/lot-182-bickerton-crescent-mernda-vic-3754-2017862386,
68,Sale,2017854246,2022-06-07T10:52:31,800000,800000,800000,"$800,000",House,1.0,3.0,,,4,Ballina Court,Eildon & Murrindindi - Greater Area,Melbourne Region,BUXTON,3711,"4 Ballina Court, Buxton",0.11235955056179775,5.0,0.0,2.0,0.0,0.0,0.0,0.0,0.0,,7,986000,545000,,,,,725000,10,4125000,545000,,,,,,,3,450,420,https://www.domain.com.au/4-ballina-court-buxton-vic-3711-2017854246,1678.0
69,Sale,2017853686,2022-06-06T18:13:49,480000,480000,499000,"$480,000 to $499,000",House,1.0,3.0,1.0,,2,Tarragon Way,Hume City Council - Greater Area,Melbourne Region,MICKLEHAM,3064,"2 Tarragon Way, Mickleham",0.07371794871794872,169.0,1931.3071078465182,30.0,580000.0,380.0,47.0,13.0,464000.0,656000,539,25600000,259000,500000,593000,740000,990000,612000,1738,5500000,93000,121,66,,54,4.32,410,418,1760,340,https://www.domain.com.au/2-tarragon-way-mickleham-vic-3064-2017853686,
70,Sale,2017842063,2022-06-01T12:12:39,666900,666900,666900,"$666,900",House,2.0,4.0,2.0,,523,Selbourne Street,Melton City - Greater Area,Melbourne Region,STRATHTULLOH,3338,"523 Selbourne Street, Strathtulloh",,,,,,,,,,,,,,,,,,,,,,,,,,,,,,,https://www.domain.com.au/523-selbourne-street-strathtulloh-vic-3338-2017842063,402.0
71,NewHomes,2017841690,2022-06-01T10:58:53,795000,795000,795000,"$795,000",House,2.0,4.0,2.0,,9,Olivia Street,Hume City Council - Greater Area,Melbourne Region,SUNBURY,3429,"9 Olivia Street, Sunbury",0.2168743850442768,329.0,2424.1234043314917,54.0,728000.0,460.0,32.0,7.0,555000.0,657000,784,3000000,207000,480000,586000,775000,1200000,600000,1979,26250000,50000,64,34,,27,4.08,400,583,900,190,https://www.domain.com.au/9-olivia-street-sunbury-vic-3429-2017841690,648.0
72,Sale,2017840128,2022-05-31T15:59:47,695000,695000,695000,"$695,000",House,1.0,3.0,1.0,,1,Valley Road,Banyule Council - Greater Area,Melbourne Region,BUNDOORA,3083,"1 Valley Road, Bundoora",0.2820968458462905,230.0,2763.76706812519,23.0,830000.0,420.0,55.0,34.0,610000.0,868000,399,2375000,425000,620000,765000,1048000,1395000,780000,454,2100000,320000,302,214,,54,6.97,430,524,950,140,https://www.domain.com.au/1-valley-road-bundoora-vic-3083-2017840128,637.0
73,Sale,2017838677,2022-05-31T11:05:48,670000,670000,715000,"$670,000 to $715,000",House,1.0,3.0,2.0,,10,Saxonwood Drive,Casey City - Greater Area,Melbourne Region,NARRE WARREN,3805,"10 Saxonwood Drive, Narre Warren",0.25977753857194114,236.0,2330.8878887802807,50.0,700000.0,400.0,33.0,19.0,575000.0,735000,427,1750000,421000,560000,677000,805000,950000,690000,509,1700000,100000,32,19,,29,4.45,410,463,,305,https://www.domain.com.au/10-saxonwood-drive-narre-warren-vic-3805-2017838677,662.0
74,Sale,2017836984,2022-05-30T14:06:34,690000,690000,690000,"$690,000",House,2.0,3.0,2.0,,30,Saloon Circuit,Casey City - Greater Area,Melbourne Region,CLYDE NORTH,3978,"30 Saloon Circuit, Clyde North",0.23779724655819776,175.0,2081.149900696679,25.0,625000.0,400.0,33.0,9.0,538000.0,715000,723,2215000,153000,555000,648000,830000,1080000,687000,3628,7182000,56000,24,8,,43,4.31,450,683,2042,300,https://www.domain.com.au/30-saloon-circuit-clyde-north-vic-3978-2017836984,347.0
75,Sale,2017834635,2022-05-27T16:22:25,750000,750000,750000,"$750,000",House,1.0,3.0,3.0,,30,Mount View Road,Whittlesea City Council - Greater Area,Melbourne Region,THOMASTOWN,3074,"30 Mount View Road, Thomastown",0.2807646356033453,177.0,2397.4846856025742,17.0,720000.0,380.0,72.0,17.0,565000.0,728000,252,1200000,380000,540000,660000,815000,955000,700000,284,2000000,330000,176,122,,60,,380,350,1776,8,https://www.domain.com.au/30-mount-view-road-thomastown-vic-3074-2017834635,637.0
76,Sale,2017830576,2022-05-26T11:43:43,648400,648400,648400,"$648,400",House,2.0,3.0,1.0,39,97-99,Leviens Road,Geelong & District - Greater Area,Melbourne Region,ST LEONARDS,3223,"39/97-99 Leviens Road, St Leonards",0.2531400966183575,80.0,2524.018599564932,13.0,758000.0,420.0,51.0,7.0,545000.0,768000,186,16335000,430000,548000,690000,890000,1300000,720000,319,2300000,292000,10,7,,52,4.97,440,138,2450,350,https://www.domain.com.au/39-97-99-leviens-road-st-leonards-vic-3223-2017830576,208.0
77,Sale,2017820822,2022-05-23T10:06:45,725000,725000,725000,"$725,000",House,2.0,5.0,1.0,,224,Sunshine Avenue,Brimbank City Council - Greater Area,Melbourne Region,KEALBA,3021,"224 Sunshine Avenue, Kealba",0.18529130850047756,2.0,0.0,1.0,0.0,0.0,0.0,0.0,0.0,688000,39,1110000,370000,452000,640000,775000,950000,648000,47,930000,410000,25,16,,41,,385,39,480,290,https://www.domain.com.au/224-sunshine-avenue-kealba-vic-3021-2017820822,537.0
78,Sale,2017818766,2022-05-20T14:56:25,750000,750000,750000,"$750,000",House,2.0,4.0,2.0,,26,Parfrey Avenue,Whittlesea City Council - Greater Area,Melbourne Region,LALOR,3075,"26 Parfrey Avenue, Lalor",0.264480111653873,78.0,2600.60491591057,8.0,781000.0,420.0,59.0,4.0,630000.0,715000,285,1320000,376000,557000,660000,800000,1080000,660000,288,1492000,60000,183,124,,47,,370,381,650,300,https://www.domain.com.au/26-parfrey-avenue-lalor-vic-3075-2017818766,560.0
79,Sale,2017815734,2022-05-19T14:21:18,780000,780000,780000,"$780,000",House,2.0,3.0,3.0,,49,Keating Crescent,Dandenong - Greater Area,Melbourne Region,DANDENONG,3175,"49 Keating Crescent, Dandenong",0.5806963819893388,176.0,2191.0346154534636,20.0,658000.0,405.0,74.0,9.0,500000.0,644000,335,4720000,200000,383000,510000,752000,1045000,599000,440,5400000,,102,45,,81,5.27,390,475,1564,170,https://www.domain.com.au/49-keating-crescent-dandenong-vic-3175-2017815734,526.0
80,NewHomes,2017808698,2022-05-17T11:04:57,799000,799000,799000,"$799,000",House,2.0,4.0,2.0,,13,Ridgeview Court,Hume City Council - Greater Area,Melbourne Region,SUNBURY,3429,"13 Ridgeview Court, Sunbury",0.2168743850442768,329.0,2424.1234043314917,54.0,728000.0,460.0,32.0,7.0,555000.0,657000,784,3000000,207000,480000,586000,775000,1200000,600000,1979,26250000,50000,64,34,,27,4.08,400,583,900,190,https://www.domain.com.au/13-ridgeview-court-sunbury-vic-3429-2017808698,479.0
81,Sale,2017804409,2022-05-13T16:02:45,725000,725000,765000,"$725,000 to $765,000",House,2.0,3.0,1.0,,1,Kent Place,Mornington Peninsula & District - Greater Area,Melbourne Region,SOMERVILLE,3912,"1 Kent Place, Somerville",0.18954074860631803,99.0,2580.6258768638822,13.0,775000.0,500.0,27.0,2.0,623000.0,815000,187,3500000,495000,600000,750000,1015000,1539000,760000,206,3400000,99000,9,5,,28,,500,45,1200,340,https://www.domain.com.au/1-kent-place-somerville-vic-3912-2017804409,
82,Sale,2017804261,2022-05-13T15:27:38,689000,689000,689000,"$689,000",House,1.0,3.0,2.0,,603,Geelong Road,Brimbank City Council - Greater Area,Melbourne Region,BROOKLYN,3012,"603 Geelong Road, Brooklyn",0.42416107382550333,27.0,2797.0654665363368,6.0,840000.0,485.0,86.0,4.0,705000.0,835000,42,1155000,520000,613000,775000,900000,1000000,760000,56,1450000,490000,27,16,,90,,420,91,650,290,https://www.domain.com.au/603-geelong-road-brooklyn-vic-3012-2017804261,695.0
83,Sale,2017793924,2022-05-10T14:14:32,550000,550000,550000,"$550,000",House,2.0,3.0,2.0,,20,Bluebell Drive,Hume City Council - Greater Area,Melbourne Region,CRAIGIEBURN,3064,"20 Bluebell Drive, Craigieburn",0.2830965909090909,642.0,1947.9563070520917,65.0,585000.0,390.0,43.0,28.0,440000.0,635000,1397,19380000,60000,415000,555000,715000,926000,595000,1737,10000000,,609,427,,49,4.01,400,1402,2190,290,https://www.domain.com.au/20-bluebell-drive-craigieburn-vic-3064-2017793924,290.0
84,Sale,2017788096,2022-05-06T17:06:46,739000,739000,739000,"$739,000",House,1.0,3.0,3.0,,16,Jacaranda Drive,Whittlesea City Council - Greater Area,Melbourne Region,MILL PARK,3082,"16 Jacaranda Drive, Mill Park",0.21395795539430157,173.0,2487.390361312671,21.0,747000.0,390.0,28.0,18.0,585000.0,801000,346,1690000,440000,565000,705000,918000,1300000,719000,355,1550000,150000,294,231,,36,,400,396,720,99,https://www.domain.com.au/16-jacaranda-drive-mill-park-vic-3082-2017788096,
85,Sale,2017785777,2022-05-06T09:06:41,699950,699950,699950,"$699,950",House,1.0,3.0,4.0,,8,Bundjil Court,Casey City - Greater Area,Melbourne Region,CRANBOURNE,3977,"8 Bundjil Court, Cranbourne",0.3125674633770239,292.0,2031.2023030799587,54.0,610000.0,385.0,35.0,15.0,500000.0,635000,472,1700000,360000,455000,580000,700000,943000,600000,587,7980000,212000,20,14,,43,3.76,390,381,570,250,https://www.domain.com.au/8-bundjil-court-cranbourne-vic-3977-2017785777,670.0
86,Sale,2017782213,2022-05-05T09:10:05,760000,760000,790000,"$760,000 to $790,000",House,1.0,3.0,1.0,,34,Maxwell Court,Frankston Council - Greater Area,Melbourne Region,LANGWARRIN,3910,"34 Maxwell Court, Langwarrin",0.195390392334585,172.0,2480.7306816304413,17.0,745000.0,450.0,17.0,2.0,598000.0,838000,405,2520000,480000,565000,715000,988000,1351000,780000,455,2950000,450000,12,7,,21,3.5,470,123,1200,292,https://www.domain.com.au/34-maxwell-court-langwarrin-vic-3910-2017782213,827.0
87,Sale,2017776954,2022-05-03T15:53:16,699000,699000,699000,"$699,000",House,2.0,3.0,2.0,,92,Rollins Road,Geelong & District - Greater Area,Melbourne Region,BELL POST HILL,3215,"92 Rollins Road, Bell Post Hill",0.24347826086956523,47.0,2181.0450959301197,10.0,655000.0,420.0,31.0,5.0,520000.0,675000,88,3350000,430000,501000,630000,750000,1080000,635000,99,3200000,398000,37,27,,37,3.12,425,115,800,245,https://www.domain.com.au/92-rollins-road-bell-post-hill-vic-3215-2017776954,565.0
88,Sale,2017769762,2022-04-29T16:01:34,699000,699000,699000,"$699,000",House,1.0,2.0,1.0,,47,Hotham Road,Monash Valley City Council - Greater Area,Melbourne Region,NIDDRIE,3042,"47 Hotham Road, Niddrie",0.24605998983223182,22.0,2460.7516425837534,1.0,739000.0,420.0,47.0,0.0,595000.0,1230000,125,2650000,77000,668000,850000,1480000,1921000,1093000,144,2600000,480000,110,72,,48,,498,166,1100,280,https://www.domain.com.au/47-hotham-road-niddrie-vic-3042-2017769762,
89,Sale,2017765319,2022-04-28T13:22:39,649950,649950,649950,"$649,950",House,1.0,3.0,2.0,,19,Rimfire Crescent,Casey City - Greater Area,Melbourne Region,CRANBOURNE,3977,"19 Rimfire Crescent, Cranbourne",0.3125674633770239,292.0,2031.2023030799587,54.0,610000.0,385.0,35.0,15.0,500000.0,635000,472,1700000,360000,455000,580000,700000,943000,600000,587,7980000,212000,20,14,,43,3.76,390,381,570,250,https://www.domain.com.au/19-rimfire-crescent-cranbourne-vic-3977-2017765319,663.0
90,Sale,2017764892,2022-04-28T12:05:06,650000,650000,650000,$650000,House,1.0,3.0,2.0,1,39,Lanigan Street,Hume City Council - Greater Area,Melbourne Region,FAWKNER,3060,"1/39 Lanigan Street, Fawkner",0.3025949953660797,144.0,2657.2121932095197,23.0,798000.0,420.0,43.0,24.0,638000.0,770000,247,2270000,330000,440000,650000,875000,998000,700000,272,1900000,70000,178,110,,50,5.87,400,301,700,86,https://www.domain.com.au/1-39-lanigan-street-fawkner-vic-3060-2017764892,
91,Sale,2017753198,2022-04-22T13:29:29,795000,795000,795000,"$795,000",House,1.0,3.0,,,30,Mitchell Street,Geelong & District - Greater Area,Melbourne Region,BELMONT,3216,"30 Mitchell Street, Belmont",0.3354850277927201,206.0,2437.4427636959504,19.0,732000.0,440.0,23.0,14.0,580000.0,735000,337,2761000,127000,528000,656000,874000,1295000,690000,356,10000000,123000,203,151,,30,4.59,430,426,900,145,https://www.domain.com.au/30-mitchell-street-belmont-vic-3216-2017753198,795.0
92,Sale,2017743784,2022-04-19T15:30:57,750000,750000,780000,"$750,000",House,2.0,4.0,2.0,,7,Vaughan Drive,Geelong & District - Greater Area,Melbourne Region,ARMSTRONG CREEK,3217,"7 Vaughan Drive, Armstrong Creek",,,,,,,,,,,,,,,,,,,,,,,,,,,,,,,https://www.domain.com.au/7-vaughan-drive-armstrong-creek-vic-3217-2017743784,504.0
93,Sale,2017739502,2022-04-14T17:28:29,730000,730000,750000,"$1,550,000",House,1.0,4.0,2.0,,114 & 116,Alexander Avenue,Whittlesea City Council - Greater Area,Melbourne Region,THOMASTOWN,3074,"114 & 116 Alexander Avenue, Thomastown",0.2807646356033453,42.0,2670.5315525739784,9.0,802000.0,430.0,40.0,5.0,646000.0,728000,252,1200000,380000,540000,660000,815000,955000,700000,284,2000000,330000,176,122,,60,,380,350,1776,8,https://www.domain.com.au/114-116-alexander-avenue-thomastown-vic-3074-2017739502,1350.0
94,Sale,2017729446,2022-04-11T14:53:29,700000,700000,700000,"$700,000",House,1.0,3.0,1.0,,5,Carol Court,Geelong & District - Greater Area,Melbourne Region,NEWCOMB,3219,"5 Carol Court, Newcomb",0.38510301109350237,76.0,2047.8515022855322,14.0,615000.0,395.0,28.0,3.0,512000.0,600000,115,1740000,245000,443000,550000,670000,950000,550000,123,1550000,235000,56,36,,29,5.42,393,134,590,260,https://www.domain.com.au/5-carol-court-newcomb-vic-3219-2017729446,787.0
95,Sale,2017729401,2022-04-11T14:44:39,680000,680000,720000,"$680,000 to $720,000",House,2.0,4.0,2.0,,4,Ionica Loop,Melton City - Greater Area,Melbourne Region,TRUGANINA,3029,"Ionica Loop, Truganina",0.3055091819699499,473.0,2214.3434943412667,106.0,665000.0,420.0,62.0,60.0,560000.0,630000,818,4000000,52000,465000,558000,700000,870000,596000,2550,5500000,70000,146,72,,60,3.23,400,1259,670,210,https://www.domain.com.au/ionica-loop-truganina-vic-3029-2017729401,375.0
96,Sale,2017692193,2022-03-25T20:33:47,749000,749000,749000,"$749,000",House,2.0,4.0,2.0,,38,Manna Gum Drive,Geelong & District - Greater Area,Melbourne Region,MOUNT DUNEED,3217,"38 Manna Gum Drive, Mount Duneed",0.0423728813559322,27.0,,31.0,520000.0,430.0,78.0,1.0,435000.0,,,,,,,,,,,,,,,,,,,,,,https://www.domain.com.au/38-manna-gum-drive-mount-duneed-vic-3217-2017692193,512.0
97,Sale,2017688152,2022-03-24T16:07:05,690000,690000,750000,"$690,000 to $750,000",House,2.0,4.0,2.0,,19,Woodlea Crescent,Hume City Council - Greater Area,Melbourne Region,CRAIGIEBURN,3064,"19 Woodlea Crescent, Craigieburn",0.2830965909090909,560.0,2314.238689574707,112.0,695000.0,450.0,54.0,31.0,565000.0,635000,1397,19380000,60000,415000,555000,715000,926000,595000,1737,10000000,,609,427,,49,4.01,400,1402,2190,290,https://www.domain.com.au/19-woodlea-crescent-craigieburn-vic-3064-2017688152,640.0
98,Sale,2017687913,2022-03-24T15:35:32,770000,770000,770000,"$770,000",House,2.0,3.0,2.0,,20,Timins Street,Hume City Council - Greater Area,Melbourne Region,SUNBURY,3429,"20 Timins Street, Sunbury",0.2168743850442768,365.0,2031.2023030799587,48.0,610000.0,390.0,21.0,14.0,475000.0,657000,784,3000000,207000,480000,586000,775000,1200000,600000,1979,26250000,50000,64,34,,27,4.08,400,583,900,190,https://www.domain.com.au/20-timins-street-sunbury-vic-3429-2017687913,875.0
99,Sale,2017681113,2022-03-22T16:18:30,615000,615000,615000,"$615,000",House,2.0,4.0,1.0,,52,Precinct Road,Geelong & District - Greater Area,Melbourne Region,CHARLEMONT,3217,"52 Precinct Road, Charlemont",,,,,,,,,,675000,75,1300000,495000,538000,595000,738000,860000,585000,696,1192000,189000,1,,,24,,450,121,695,390,https://www.domain.com.au/52-precinct-road-charlemont-vic-3217-2017681113,262.0
100,Sale,2017659403,2022-03-14T08:22:13,800000,800000,800000,"$800,000",House,1.0,4.0,2.0,,31,Bruce Street,Whittlesea City Council - Greater Area,Melbourne Region,LALOR,3075,"31 Bruce Street, Lalor",0.264480111653873,78.0,2600.60491591057,8.0,781000.0,420.0,59.0,4.0,630000.0,715000,285,1320000,376000,557000,660000,800000,1080000,660000,288,1492000,60000,183,124,,47,,370,381,650,300,https://www.domain.com.au/31-bruce-street-lalor-vic-3075-2017659403,534.0
101,Sale,2017656129,2022-03-11T10:28:53,749950,749950,749950,"$749,950",House,2.0,4.0,2.0,,29,Forest Drive,Casey City - Greater Area,Melbourne Region,CLYDE NORTH,3978,"29 Forest Drive, Clyde North",0.23779724655819776,482.0,2437.4427636959504,116.0,732000.0,460.0,44.0,37.0,613000.0,715000,723,2215000,153000,555000,648000,830000,1080000,687000,3628,7182000,56000,24,8,,43,4.31,450,683,2042,300,https://www.domain.com.au/29-forest-drive-clyde-north-vic-3978-2017656129,512.0
102,Sale,2017653233,2022-03-10T12:44:33,759000,759000,759000,"$759,000",House,3.0,5.0,4.0,,320,Centenary Avenue,Melton City - Greater Area,Melbourne Region,MELTON WEST,3337,"320 Centenary Avenue, Melton West",0.25630563798219586,16.0,2201.024134976808,3.0,661000.0,0.0,39.0,0.0,431000.0,535000,222,1100000,325000,412000,470000,600000,725000,509000,261,2500000,63000,37,21,,39,4.02,350,183,550,260,https://www.domain.com.au/320-centenary-avenue-melton-west-vic-3337-2017653233,623.0
103,Sale,2017618997,2022-02-24T12:19:52,780000,780000,780000,"$780,000",House,1.0,2.0,1.0,,37,Errol Street,Maribyrnong City Council - Greater Area,Melbourne Region,FOOTSCRAY,3011,"37 Errol Street, Footscray",0.0,68.0,2830.3638649474833,11.0,850000.0,430.0,55.0,15.0,533000.0,967000,190,2200000,311000,559000,810000,1216000,1476000,870000,278,5000000,125000,169,111,,87,5.29,460,515,1200,92,https://www.domain.com.au/37-errol-street-footscray-vic-3011-2017618997,
104,Sale,2017616902,2022-02-23T16:30:17,581000,581000,581000,"$581,000",House,2.0,4.0,4.0,,Lot 3303,Rawson Circuit,Wyndham City Council - Greater Area,Melbourne Region,WERRIBEE,3030,"Lot 3303 Rawson Circuit, Werribee",0.32044362292051753,400.0,2164.395896724546,83.0,650000.0,380.0,45.0,48.0,518000.0,590000,1078,1960000,238000,424000,512000,685000,973000,554000,2145,2800000,20000,315,203,,52,4.76,350,1641,600,87,https://www.domain.com.au/lot-3303-rawson-circuit-werribee-vic-3030-2017616902,311.0
105,Sale,2017613802,2022-02-22T18:05:23,594600,594600,594600,"$594,600",House,2.0,3.0,2.0,,LOT 3517,"BUSHRANGER DRIVE, ROSENTHAL ESTATE",Hume City Council - Greater Area,Melbourne Region,SUNBURY,3429,"LOT 3517 BUSHRANGER DRIVE, ROSENTHAL ESTATE, Sunbury",0.2168743850442768,365.0,2031.2023030799587,48.0,610000.0,390.0,21.0,14.0,475000.0,657000,784,3000000,207000,480000,586000,775000,1200000,600000,1979,26250000,50000,64,34,,27,4.08,400,583,900,190,https://www.domain.com.au/lot-3517-bushranger-drive-rosenthal-estate-sunbury-vic-3429-2017613802,287.0
106,Sale,2017581932,2022-02-09T14:05:09,790000,790000,790000,"$790,000",House,1.0,2.0,1.0,,68,Hansen Street,Hobsons Bay City Council - Greater Area,Melbourne Region,ALTONA NORTH,3025,"68 Hansen Street, Altona North",0.30868089233753637,23.0,2330.8878887802807,3.0,700000.0,450.0,71.0,7.0,590000.0,971000,235,1759000,510000,675000,855000,1125000,1300000,850000,333,3000000,90000,153,68,,51,3.13,480,360,950,250,https://www.domain.com.au/68-hansen-street-altona-north-vic-3025-2017581932,
107,Sale,2017562108,2022-02-01T15:50:56,421900,421900,421900,"$421,900",House,2.0,3.0,1.0,,3,Fitzrovia Drive,Wyndham City Council - Greater Area,Melbourne Region,WYNDHAM VALE,3024,"3 Fitzrovia Drive, Wyndham Vale",0.2818297691545107,276.0,1654.9304010339993,32.0,497000.0,330.0,43.0,22.0,410000.0,550000,576,1045000,226000,415000,488000,625000,770000,528000,1775,4300000,15000,64,50,,55,4.19,350,834,550,87,https://www.domain.com.au/3-fitzrovia-drive-wyndham-vale-vic-3024-2017562108,234.0
108,Sale,2017549986,2022-01-27T01:30:02,433100,433100,433100,"$433,100",House,1.0,2.0,2.0,40,656,O'Connors Road,Wyndham City Council - Greater Area,Melbourne Region,WERRIBEE SOUTH,3030,"40/656 O'Connors Road, Werribee South",0.2971246006389776,6.0,0.0,2.0,0.0,0.0,0.0,1.0,0.0,751000,40,2365000,200000,435000,535000,875000,1950000,720000,68,2500000,350000,7,5,,125,5.9,400,44,650,121,https://www.domain.com.au/40-656-o-connors-road-werribee-south-vic-3030-2017549986,161.0
109,Sale,2017547782,2022-01-25T16:12:59,425000,425000,425000,"$425,000",House,1.0,2.0,1.0,3,656,O'Connors Road,Wyndham City Council - Greater Area,Melbourne Region,WERRIBEE SOUTH,3030,"3/656 O'Connors Road, Werribee South",0.2971246006389776,6.0,0.0,2.0,0.0,0.0,0.0,1.0,0.0,751000,40,2365000,200000,435000,535000,875000,1950000,720000,68,2500000,350000,7,5,,125,5.9,400,44,650,121,https://www.domain.com.au/3-656-o-connors-road-werribee-south-vic-3030-2017547782,177.0
110,Sale,2017547383,2022-01-25T15:45:05,474400,474400,474400,"$474,400",House,1.0,2.0,1.0,40,97-99,Leviens Road,Geelong & District - Greater Area,Melbourne Region,ST LEONARDS,3223,"40/97-99 Leviens Road, St Leonards",0.2531400966183575,24.0,2131.0974983133992,2.0,640000.0,0.0,58.0,2.0,450000.0,768000,186,16335000,430000,548000,690000,890000,1300000,720000,319,2300000,292000,10,7,,52,4.97,440,138,2450,350,https://www.domain.com.au/40-97-99-leviens-road-st-leonards-vic-3223-2017547383,208.0
111,Sale,2017514960,2022-01-10T18:24:02,590000,590000,590000,590000,House,2.0,4.0,3.0,,,,Wyndham City Council - Greater Area,Melbourne Region,WERRIBEE,3030,Werribee,0.32044362292051753,400.0,2164.395896724546,83.0,650000.0,380.0,45.0,48.0,518000.0,590000,1078,1960000,238000,424000,512000,685000,973000,554000,2145,2800000,20000,315,203,,52,4.76,350,1641,600,87,https://www.domain.com.au/werribee-vic-3030-2017514960,400.0
112,Sale,2013898515,2021-12-09T10:04:56,620000,620000,620000,"$620,000",House,2.0,4.0,2.0,,,,Melton City - Greater Area,Melbourne Region,BROOKFIELD,3338,Brookfield,0.2940964722822174,167.0,1927.9772680054034,24.0,579000.0,370.0,36.0,15.0,480000.0,570000,243,1300000,320000,445000,520000,625000,795000,540000,430,1450000,240000,9,3,,35,3.85,363,242,550,300,https://www.domain.com.au/brookfield-vic-3338-2013898515,384.0
113,Sale,2017457034,2021-11-30T18:01:52,568000,568000,568000,"$588,000",House,2.0,4.0,2.0,,,,Melton City - Greater Area,Melbourne Region,WEIR VIEWS,3338,Weir Views,,,,,,,,,,547000,160,765000,310000,440000,500000,610000,670000,530000,595,924000,181000,8,7,,56,2.74,380,251,460,325,https://www.domain.com.au/weir-views-vic-3338-2017457034,350.0
114,Sale,2017406638,2021-11-12T12:57:26,484900,484900,484900,"$484,900",House,2.0,3.0,2.0,,,,Melton City - Greater Area,Melbourne Region,THORNHILL PARK,3335,Thornhill Park,,,,,,,,,,591000,131,1150000,246000,395000,488000,650000,800000,532000,585,4150000,195000,11,4,,76,4.22,375,226,650,30,https://www.domain.com.au/thornhill-park-vic-3335-2017406638,
115,Sale,2017406635,2021-11-12T12:57:07,610900,610900,610900,"$610,900",House,2.0,3.0,2.0,,,,Casey City - Greater Area,Melbourne Region,CLYDE NORTH,3978,Clyde North,0.23779724655819776,175.0,2081.149900696679,25.0,625000.0,400.0,33.0,9.0,538000.0,715000,723,2215000,153000,555000,648000,830000,1080000,687000,3628,7182000,56000,24,8,,43,4.31,450,683,2042,300,https://www.domain.com.au/clyde-north-vic-3978-2017406635,
116,Sale,2017406632,2021-11-12T12:56:52,519900,519900,519900,"$519,900",House,2.0,4.0,2.0,,,,Wyndham City Council - Greater Area,Melbourne Region,WYNDHAM VALE,3024,Wyndham Vale,0.2818297691545107,256.0,2014.5531038743854,49.0,605000.0,370.0,63.0,35.0,500000.0,550000,576,1045000,226000,415000,488000,625000,770000,528000,1775,4300000,15000,64,50,,55,4.19,350,834,550,87,https://www.domain.com.au/wyndham-vale-vic-3024-2017406632,
117,Sale,2017333821,2021-10-18T16:55:57,579900,579900,579900,"$579,900",House,2.0,3.0,2.0,,22,Zelkova Road,Hume City Council - Greater Area,Melbourne Region,KALKALLO,3064,"22 Zelkova Road, Kalkallo",0.24324324324324326,74.0,1864.7103110242244,13.0,560000.0,380.0,81.0,4.0,476000.0,635000,222,1980000,60000,492000,575000,685000,852000,582000,771,2700000,189000,18,12,,82,3.85,410,199,1962,350,https://www.domain.com.au/22-zelkova-road-kalkallo-vic-3064-2017333821,
118,Sale,2017319147,2021-10-13T08:14:39,735000,735000,735000,"$735,000",House,1.0,3.0,2.0,,17,Wilkinson Road,Brimbank City Council - Greater Area,Melbourne Region,SUNSHINE,3020,"17 Wilkinson Road, Sunshine",0.41623544631306597,97.0,2896.9606617697773,20.0,870000.0,380.0,48.0,17.0,677000.0,870000,152,1755000,399000,570000,755000,1025000,1400000,780000,206,1820000,10000,122,77,,50,6.95,380,276,650,220,https://www.domain.com.au/17-wilkinson-road-sunshine-vic-3020-2017319147,
119,Sale,2017249221,2021-09-13T08:39:51,664900,664900,664900,"$664,900",House,2.0,4.0,2.0,,20,Greenwood Road,Whittlesea City Council - Greater Area,Melbourne Region,DONNYBROOK,3064,"20 Greenwood Road, Donnybrook",0.2857142857142857,89.0,2114.4482991078257,72.0,635000.0,430.0,85.0,10.0,515000.0,632000,117,2000000,327000,490000,580000,707000,880000,567000,1194,2800000,58000,6,3,,87,,420,117,550,340,https://www.domain.com.au/20-greenwood-road-donnybrook-vic-3064-2017249221,312.0
120,Sale,2017230016,2021-09-02T13:47:51,675000,675000,675000,"$675,000",House,2.0,2.0,2.0,,8,Rosamond Road,Maribyrnong City Council - Greater Area,Melbourne Region,FOOTSCRAY,3011,"8 Rosamond Road, Footscray",0.0,68.0,2830.3638649474833,11.0,850000.0,430.0,55.0,15.0,533000.0,967000,190,2200000,311000,559000,810000,1216000,1476000,870000,278,5000000,125000,169,111,,87,5.29,460,515,1200,92,https://www.domain.com.au/8-rosamond-road-footscray-vic-3011-2017230016,
121,Sale,2017199886,2021-08-18T08:13:45,728300,728300,728300,"$728,300",House,2.0,4.0,6.0,,,,Hume City Council - Greater Area,Melbourne Region,MICKLEHAM,3064,Mickleham,0.07371794871794872,325.0,2297.5894903691337,83.0,690000.0,430.0,51.0,20.0,575000.0,656000,539,25600000,259000,500000,593000,740000,990000,612000,1738,5500000,93000,121,66,,54,4.32,410,418,1760,340,https://www.domain.com.au/mickleham-vic-3064-2017199886,350.0
122,Sale,2017194877,2021-08-14T15:29:52,654000,654000,654000,"$654,000",House,2.0,4.0,1.0,,,,Wyndham City Council - Greater Area,Melbourne Region,TARNEIT,3029,Tarneit,0.30038510911424904,817.0,2181.0450959301197,221.0,655000.0,400.0,59.0,79.0,550000.0,625000,1340,1400000,278000,460000,560000,695000,855000,592000,5354,6978000,,128,81,,61,3.74,385,1909,740,7,https://www.domain.com.au/tarneit-vic-3029-2017194877,294.0
123,NewHomes,2017176219,2021-08-05T11:11:33,469000,469000,469000,"$469,000",House,2.0,3.0,1.0,,82,Alcock Road,Melton City - Greater Area,Melbourne Region,TRUGANINA,3029,"82 Alcock Road, Truganina",0.3055091819699499,293.0,1814.7627134075042,40.0,545000.0,375.0,52.0,22.0,455000.0,630000,818,4000000,52000,465000,558000,700000,870000,596000,2550,5500000,70000,146,72,,60,3.23,400,1259,670,210,https://www.domain.com.au/82-alcock-road-truganina-vic-3029-2017176219,154.0
124,Sale,2017096541,2021-06-25T15:55:44,495000,495000,495000,"$495,000",House,1.0,3.0,2.0,,13,Clematis Court,Hume City Council - Greater Area,Melbourne Region,MEADOW HEIGHTS,3048,"13 Clematis Court, Meadow Heights",0.32510811498346476,137.0,1844.7312719775364,19.0,554000.0,370.0,76.0,7.0,440000.0,572000,183,841000,350000,425000,510000,625000,729000,530000,238,1300000,335000,82,45,,73,5.89,370,214,600,250,https://www.domain.com.au/13-clematis-court-meadow-heights-vic-3048-2017096541,
125,Sale,2017063796,2021-06-10T13:21:09,535000,535000,535000,"$535,000",House,2.0,3.0,1.0,,,,Hume City Council - Greater Area,Melbourne Region,CRAIGIEBURN,3064,Craigieburn,0.2830965909090909,642.0,1947.9563070520917,65.0,585000.0,390.0,43.0,28.0,440000.0,635000,1397,19380000,60000,415000,555000,715000,926000,595000,1737,10000000,,609,427,,49,4.01,400,1402,2190,290,https://www.domain.com.au/craigieburn-vic-3064-2017063796,
126,Sale,2016897363,2021-03-27T14:30:00,590000,590000,590000,"$590,000",House,2.0,4.0,2.0,,,,Eildon & Murrindindi - Greater Area,Melbourne Region,YEA,3717,Yea,0.23482428115015974,12.0,2430.7830840137212,1.0,730000.0,0.0,43.0,0.0,506000.0,605000,37,1155000,380000,400000,540000,780000,950000,645000,57,2275000,380000,,,,50,4.54,,8,575,340,https://www.domain.com.au/yea-vic-3717-2016897363,817.0
127,Sale,2016897327,2021-03-27T13:25:13,570000,570000,570000,"$570,000",House,2.0,3.0,2.0,,,,Eildon & Murrindindi - Greater Area,Melbourne Region,YEA,3717,Yea,0.23482428115015974,19.0,1997.903904668812,4.0,600000.0,0.0,55.0,0.0,380000.0,605000,37,1155000,380000,400000,540000,780000,950000,645000,57,2275000,380000,,,,50,4.54,,8,575,340,https://www.domain.com.au/yea-vic-3717-2016897327,
128,Sale,2016879200,2021-03-19T12:22:23,600000,600000,600000,"$600,000",House,2.0,4.0,2.0,,7,ARTFUL STREET,Whittlesea City Council - Greater Area,Melbourne Region,DONNYBROOK,3064,"7 ARTFUL STREET, Donnybrook",0.2857142857142857,89.0,2114.4482991078257,72.0,635000.0,430.0,85.0,10.0,515000.0,632000,117,2000000,327000,490000,580000,707000,880000,567000,1194,2800000,58000,6,3,,87,,420,117,550,340,https://www.domain.com.au/7-artful-street-donnybrook-vic-3064-2016879200,
129,Sale,2016852501,2021-03-09T13:36:02,559000,559000,559000,"$559,000",House,2.0,4.0,2.0,25,104-110,Schotters Road,Whittlesea City Council - Greater Area,Melbourne Region,MERNDA,3754,"25/104-110 Schotters Road, Mernda",0.2833398513883457,262.0,2397.4846856025742,43.0,720000.0,420.0,40.0,17.0,560000.0,680000,495,4150000,340000,484000,600000,762000,1010000,640000,662,3875000,58000,214,143,,51,4.39,410,542,850,275,https://www.domain.com.au/25-104-110-schotters-road-mernda-vic-3754-2016852501,
130,Sale,2016852260,2021-03-09T12:46:58,559000,559000,559000,"$559,000",House,2.0,4.0,2.0,24,104-110,Schotters Road,Whittlesea City Council - Greater Area,Melbourne Region,MERNDA,3754,"24/104-110 Schotters Road, Mernda",0.2833398513883457,262.0,2397.4846856025742,43.0,720000.0,420.0,40.0,17.0,560000.0,680000,495,4150000,340000,484000,600000,762000,1010000,640000,662,3875000,58000,214,143,,51,4.39,410,542,850,275,https://www.domain.com.au/24-104-110-schotters-road-mernda-vic-3754-2016852260,
131,Sale,2016852191,2021-03-09T12:34:51,559000,559000,559000,"$559,000",House,2.0,4.0,2.0,23,104-110,Schotters Road,Whittlesea City Council - Greater Area,Melbourne Region,MERNDA,3754,"23/104-110 Schotters Road, Mernda",0.2833398513883457,262.0,2397.4846856025742,43.0,720000.0,420.0,40.0,17.0,560000.0,680000,495,4150000,340000,484000,600000,762000,1010000,640000,662,3875000,58000,214,143,,51,4.39,410,542,850,275,https://www.domain.com.au/23-104-110-schotters-road-mernda-vic-3754-2016852191,
132,Sale,2016852099,2021-03-09T12:21:37,550000,550000,550000,"$550,000",House,2.0,4.0,2.0,22,104-110,Schotters Road,Whittlesea City Council - Greater Area,Melbourne Region,MERNDA,3754,"22/104-110 Schotters Road, Mernda",0.2833398513883457,262.0,2397.4846856025742,43.0,720000.0,420.0,40.0,17.0,560000.0,680000,495,4150000,340000,484000,600000,762000,1010000,640000,662,3875000,58000,214,143,,51,4.39,410,542,850,275,https://www.domain.com.au/22-104-110-schotters-road-mernda-vic-3754-2016852099,
133,Sale,2016691374,2020-12-10T13:48:26,520000,520000,520000,"$520,000",House,2.0,4.0,2.0,,Lot 1023,Cesidio drive,Whittlesea City Council - Greater Area,Melbourne Region,WOLLERT,3750,"Lot 1023 Cesidio drive, Wollert",0.21390168970814133,354.0,2400.814525443689,113.0,721000.0,450.0,80.0,20.0,578000.0,669000,601,1600000,320000,471000,590000,775000,975000,607000,2351,1650000,15000,190,112,,74,4.29,420,521,,310,https://www.domain.com.au/lot-1023-cesidio-drive-wollert-vic-3750-2016691374,312.0
134,Sale,2016690989,2020-12-10T12:24:03,580000,580000,580000,"$580,000",House,2.0,4.0,2.0,,Lot 1031,Cesidio Drive,Whittlesea City Council - Greater Area,Melbourne Region,WOLLERT,3750,"Lot 1031 Cesidio Drive, Wollert",0.21390168970814133,354.0,2400.814525443689,113.0,721000.0,450.0,80.0,20.0,578000.0,669000,601,1600000,320000,471000,590000,775000,975000,607000,2351,1650000,15000,190,112,,74,4.29,420,521,,310,https://www.domain.com.au/lot-1031-cesidio-drive-wollert-vic-3750-2016690989,
135,Sale,2016686207,2020-12-08T12:46:42,470000,470000,470000,"$470,000",House,1.0,2.0,1.0,,1269,Edgars Road,Whittlesea City Council - Greater Area,Melbourne Region,WOLLERT,3750,"1269 Edgars Road, Wollert",0.21390168970814133,26.0,1568.3545651650174,2.0,471000.0,345.0,111.0,1.0,415000.0,669000,601,1600000,320000,471000,590000,775000,975000,607000,2351,1650000,15000,190,112,,74,4.29,420,521,,310,https://www.domain.com.au/1269-edgars-road-wollert-vic-3750-2016686207,
136,Sale,2016661250,2020-11-25T14:01:48,645000,645000,645000,"$645,000",House,2.0,3.0,1.0,11,592-600,Springvale Road,Dandenong - Greater Area,Melbourne Region,SPRINGVALE SOUTH,3172,"11/592-600 Springvale Road, Springvale South",0.26465753424657534,73.0,2597.2750760694553,6.0,780000.0,400.0,40.0,4.0,600000.0,783000,106,1280000,460000,512000,704000,855000,980000,700000,115,1150000,399000,69,44,,80,,400,123,,320,https://www.domain.com.au/11-592-600-springvale-road-springvale-south-vic-3172-2016661250,
137,Sale,2015422640,2019-12-03T10:56:24,465000,465000,465000,"$465,000",House,2.0,4.0,1.0,,,,Wyndham City Council - Greater Area,Melbourne Region,WYNDHAM VALE,3024,Wyndham Vale,0.2818297691545107,256.0,2014.5531038743854,49.0,605000.0,370.0,63.0,35.0,500000.0,550000,576,1045000,226000,415000,488000,625000,770000,528000,1775,4300000,15000,64,50,,55,4.19,350,834,550,87,https://www.domain.com.au/wyndham-vale-vic-3024-2015422640,
138,Sale,2015482797,2019-07-27T10:14:58,530000,530000,530000,"$530,000",House,2.0,3.0,1.0,,27,Claremont Crescent,Wyndham City Council - Greater Area,Melbourne Region,HOPPERS CROSSING,3029,"27 Claremont Crescent, Hoppers Crossing",0.24563282794990113,415.0,1931.3071078465182,50.0,580000.0,350.0,41.0,42.0,453000.0,610000,710,2691000,317000,435000,546000,680000,935000,575000,785,2300000,79000,283,184,,47,4.3,350,859,750,4,https://www.domain.com.au/27-claremont-crescent-hoppers-crossing-vic-3029-2015482797,
139,NewHomes,2014469678,2019-05-30T13:43:43,727600,727600,727600,"$727,600",House,2.0,4.0,2.0,,Lot 822,Broadgreen Street (Acacia),Casey City - Greater Area,Melbourne Region,BOTANIC RIDGE,3977,"Lot 822 Broadgreen Street (Acacia), Botanic Ridge",,,,,,,,,,913000,151,1500000,540000,580000,810000,1100000,1325000,790000,442,1300000,365000,3,2,,22,5.52,480,37,820,370,https://www.domain.com.au/lot-822-broadgreen-street-acacia-botanic-ridge-vic-3977-2014469678,540.0
140,Sale,2015289215,2019-05-20T11:30:39,620000,620000,650000,"$620,000 to $650,000",House,2.0,4.0,2.0,,19,John Batman Drive,Melton City - Greater Area,Melbourne Region,MELTON WEST,3337,"19 John Batman Drive, Melton West",0.25630563798219586,89.0,1941.2966273698623,12.0,583000.0,370.0,33.0,4.0,443000.0,535000,222,1100000,325000,412000,470000,600000,725000,509000,261,2500000,63000,37,21,,39,4.02,350,183,550,260,https://www.domain.com.au/19-john-batman-drive-melton-west-vic-3337-2015289215,
141,Sale,2014788383,2018-11-16T15:32:35,760000,760000,760000,"$760,000",House,2.0,4.0,2.0,,Lot 3340,Zuccotti,Wyndham City Council - Greater Area,Melbourne Region,POINT COOK,3030,"Lot 3340 Zuccotti, Point Cook",0.30767119527926445,976.0,2537.3379589293913,159.0,762000.0,425.0,52.0,85.0,611000.0,740000,1517,3400000,75000,535000,649000,880000,1275000,700000,2066,15500000,30000,258,132,,54,4.18,410,2223,1200,7,https://www.domain.com.au/lot-3340-zuccotti-point-cook-vic-3030-2014788383,644.0
142,Sale,2013097899,2016-10-02T16:54:31,540000,540000,540000,"$540,000",House,2.0,4.0,3.0,,,,Eildon & Murrindindi - Greater Area,Melbourne Region,ALEXANDRA,3714,Alexandra,0.22200584225900682,19.0,2097.7990999022527,1.0,630000.0,0.0,46.0,0.0,430000.0,535000,72,1220000,65000,265000,416000,615000,802000,525000,70,1300000,68000,2,1,,31,5.14,350,25,450,290,https://www.domain.com.au/alexandra-vic-3714-2013097899,625.0
143,Sale,2013077561,2016-09-22T15:43:33,510000,510000,510000,"$510,000",House,2.0,3.0,2.0,,,,Eildon & Murrindindi - Greater Area,Melbourne Region,ALEXANDRA,3714,Alexandra,0.22200584225900682,41.0,1748.1659165852104,5.0,525000.0,350.0,23.0,1.0,340000.0,535000,72,1220000,65000,265000,416000,615000,802000,525000,70,1300000,68000,2,1,,31,5.14,350,25,450,290,https://www.domain.com.au/alexandra-vic-3714-2013077561,506.0
144,Sale,2017955160,2022-07-25T14:58:34,675000,675000,675000,"$675,000",House,2.0,3.0,1.0,,9,Reginald Court,Casey City - Greater Area,Melbourne Region,CRANBOURNE WEST,3977,"9 Reginald Court, Cranbourne West",0.21359874748378438,219.0,2047.8515022855322,26.0,615000.0,400.0,25.0,7.0,485000.0,660000,433,1360000,220000,495000,600000,750000,950000,630000,500,1300000,55000,8,6,,28,3.01,420,281,895,250,https://www.domain.com.au/9-reginald-court-cranbourne-west-vic-3977-2017955160,537.0
145,Sale,2017939247,2022-07-16T15:53:12,629900,629900,629900,"$629,900",House,2.0,3.0,2.0,,36,Separation Street,Hume City Council - Greater Area,Melbourne Region,MICKLEHAM,3064,"36 Separation Street, Mickleham",0.07371794871794872,169.0,1931.3071078465182,30.0,580000.0,380.0,47.0,13.0,464000.0,656000,539,25600000,259000,500000,593000,740000,990000,612000,1738,5500000,93000,121,66,,54,4.32,410,418,1760,340,https://www.domain.com.au/36-separation-street-mickleham-vic-3064-2017939247,262.0
146,Sale,2017939225,2022-07-16T15:26:14,589900,589900,589900,"$589,900",House,2.0,3.0,2.0,,6,Selenium Street,Hume City Council - Greater Area,Melbourne Region,KALKALLO,3064,"6 Selenium Street, Kalkallo",0.24324324324324326,74.0,1864.7103110242244,13.0,560000.0,380.0,81.0,4.0,476000.0,635000,222,1980000,60000,492000,575000,685000,852000,582000,771,2700000,189000,18,12,,82,3.85,410,199,1962,350,https://www.domain.com.au/6-selenium-street-kalkallo-vic-3064-2017939225,262.0
147,NewHomes,2017939209,2022-07-16T14:50:24,539900,539900,539900,"$539,900",House,2.0,3.0,2.0,,8,Furphy Walk,Hume City Council - Greater Area,Melbourne Region,KALKALLO,3064,"8 Furphy Walk, Kalkallo",0.24324324324324326,74.0,1864.7103110242244,13.0,560000.0,380.0,81.0,4.0,476000.0,635000,222,1980000,60000,492000,575000,685000,852000,582000,771,2700000,189000,18,12,,82,3.85,410,199,1962,350,https://www.domain.com.au/8-furphy-walk-kalkallo-vic-3064-2017939209,
148,Sale,2017916436,2022-07-06T10:31:35,770000,770000,770000,"$770,000",House,2.0,4.0,2.0,,1,Stubberfield Road,Wyndham City Council - Greater Area,Melbourne Region,TARNEIT,3029,"1 Stubberfield Road, Tarneit",0.30038510911424904,817.0,2181.0450959301197,221.0,655000.0,400.0,59.0,79.0,550000.0,625000,1340,1400000,278000,460000,560000,695000,855000,592000,5354,6978000,,128,81,,61,3.74,385,1909,740,7,https://www.domain.com.au/1-stubberfield-road-tarneit-vic-3029-2017916436,412.0
149,Sale,2017940157,2022-07-18T11:43:01,795000,795000,795000,"$795,000",House,1.0,3.0,2.0,,7,Cootamundra Avenue,Mornington Peninsula & District - Greater Area,Melbourne Region,CAPEL SOUND,3940,"7 Cootamundra Avenue, Capel Sound",,,,,,,,,,811000,140,2095000,180000,570000,728000,930000,1300000,785000,153,2000000,240000,51,39,,33,7.55,450,71,675,270,https://www.domain.com.au/7-cootamundra-avenue-capel-sound-vic-3940-2017940157,604.0
150,Sale,2017884637,2022-06-21T15:43:43,769000,769000,769000,"$769,000",House,1.0,3.0,2.0,,33,Broad Gully Road,Nillumbik Shire - Greater Area,Melbourne Region,DIAMOND CREEK,3089,"33 Broad Gully Road, Diamond Creek",0.10523460808245186,76.0,3056.792974143282,15.0,918000.0,500.0,22.0,0.0,700000.0,1045000,184,2825000,600000,715000,910000,1270000,1735000,950000,219,2500000,600000,75,58,,28,,540,75,750,340,https://www.domain.com.au/33-broad-gully-road-diamond-creek-vic-3089-2017884637,580.0
151,Sale,2017878559,2022-06-17T15:45:41,679000,679000,679000,"$679,000",House,2.0,4.0,3.0,,,,Nillumbik Shire - Greater Area,Melbourne Region,DOREEN,3754,Doreen,0.22499239890544237,319.0,2663.8718728917493,28.0,800000.0,435.0,24.0,19.0,633000.0,740000,561,4590000,125000,536000,650000,880000,1265000,650000,840,5657000,100000,91,59,,27,5.15,420,433,850,325,https://www.domain.com.au/doreen-vic-3754-2017878559,
152,Sale,2017871979,2022-06-15T13:48:59,750000,750000,750000,"$750,000",House,3.0,4.0,1.0,,18,Blush Street,Hume City Council - Greater Area,Melbourne Region,MICKLEHAM,3064,"18 Blush Street, Mickleham",0.07371794871794872,325.0,2297.5894903691337,83.0,690000.0,430.0,51.0,20.0,575000.0,656000,539,25600000,259000,500000,593000,740000,990000,612000,1738,5500000,93000,121,66,,54,4.32,410,418,1760,340,https://www.domain.com.au/18-blush-street-mickleham-vic-3064-2017871979,
153,Sale,2017820668,2022-05-23T09:12:40,725000,725000,725000,"$725,000",House,3.0,4.0,4.0,,54,Bainbridge Close,Hume City Council - Greater Area,Melbourne Region,CRAIGIEBURN,3064,"54 Bainbridge Close, Craigieburn",0.2830965909090909,560.0,2314.238689574707,112.0,695000.0,450.0,54.0,31.0,565000.0,635000,1397,19380000,60000,415000,555000,715000,926000,595000,1737,10000000,,609,427,,49,4.01,400,1402,2190,290,https://www.domain.com.au/54-bainbridge-close-craigieburn-vic-3064-2017820668,651.0
154,Sale,2017758343,2022-04-26T14:36:48,630000,630000,630000,"$630,000",House,1.0,3.0,1.0,,3,Avalon Avenue,Hume City Council - Greater Area,Melbourne Region,BROADMEADOWS,3047,"3 Avalon Avenue, Broadmeadows",0.4965702356099016,143.0,1977.924865622124,24.0,594000.0,350.0,60.0,9.0,440000.0,578000,217,983000,277000,385000,478000,630000,710000,528000,285,1200000,300000,138,71,,61,5.6,350,327,1597,200,https://www.domain.com.au/3-avalon-avenue-broadmeadows-vic-3047-2017758343,648.0
155,Sale,2017544841,2022-01-24T17:24:16,550000,550000,550000,"$550,000",House,2.0,3.0,1.0,,21,Columbia Circuit,Hume City Council - Greater Area,Melbourne Region,BROADMEADOWS,3047,"21 Columbia Circuit, Broadmeadows",0.4965702356099016,143.0,1977.924865622124,24.0,594000.0,350.0,60.0,9.0,440000.0,578000,217,983000,277000,385000,478000,630000,710000,528000,285,1200000,300000,138,71,,61,5.6,350,327,1597,200,https://www.domain.com.au/21-columbia-circuit-broadmeadows-vic-3047-2017544841,272.0
156,Sale,2017952185,2022-07-22T13:49:00,549000,549000,549000,"$549,000",House,2.0,3.0,2.0,,12,Cerulean Walk,Hume City Council - Greater Area,Melbourne Region,CRAIGIEBURN,3064,"12 Cerulean Walk, Craigieburn",0.2830965909090909,642.0,1947.9563070520917,65.0,585000.0,390.0,43.0,28.0,440000.0,635000,1397,19380000,60000,415000,555000,715000,926000,595000,1737,10000000,,609,427,,49,4.01,400,1402,2190,290,https://www.domain.com.au/12-cerulean-walk-craigieburn-vic-3064-2017952185,
157,Sale,2017951700,2022-07-22T11:40:49,575000,575000,575000,"$575,000",House,1.0,3.0,4.0,,26,Downey Street,Eildon & Murrindindi - Greater Area,Melbourne Region,ALEXANDRA,3714,"26 Downey Street, Alexandra",0.22200584225900682,41.0,1748.1659165852104,5.0,525000.0,350.0,23.0,1.0,340000.0,535000,72,1220000,65000,265000,416000,615000,802000,525000,70,1300000,68000,2,1,,31,5.14,350,25,450,290,https://www.domain.com.au/26-downey-street-alexandra-vic-3714-2017951700,1239.0
158,Sale,2017945290,2022-07-20T10:18:55,649000,649000,649000,"$649,000",House,1.0,2.0,1.0,,149,Sixth Avenue,Mornington Peninsula & District - Greater Area,Melbourne Region,ROSEBUD,3939,"149 Sixth Avenue, Rosebud",0.28185328185328185,59.0,2497.3798808360148,8.0,750000.0,420.0,24.0,1.0,590000.0,895000,474,3600000,79000,650000,782000,1125000,1500000,812000,504,2650000,45000,154,124,,28,4.99,480,214,1050,300,https://www.domain.com.au/149-sixth-avenue-rosebud-vic-3939-2017945290,376.0
159,Sale,2017944553,2022-07-19T17:25:47,435000,435000,435000,"$435,000",House,1.0,3.0,2.0,,4,Ninth Street,Eildon & Murrindindi - Greater Area,Melbourne Region,EILDON,3713,"4 Ninth Street, Eildon",0.2898550724637681,24.0,1368.5641746981362,3.0,411000.0,0.0,107.0,0.0,270000.0,378000,46,1500000,165000,255000,330000,485000,720000,392000,50,1500000,159000,,,,77,4.17,,6,380,300,https://www.domain.com.au/4-ninth-street-eildon-vic-3713-2017944553,585.0
160,Sale,2017914895,2022-07-05T15:16:23,795000,795000,850000,"$795,000 to $850,000",House,1.0,3.0,2.0,,237,Essex Street,Maribyrnong City Council - Greater Area,Melbourne Region,WEST FOOTSCRAY,3012,"237 Essex Street, West Footscray",0.44580335731414866,92.0,3512.9810323759943,11.0,1055000.0,493.0,41.0,13.0,735000.0,951000,186,1977000,410000,620000,773000,1255000,1585000,853000,223,3000000,209000,144,91,,46,5.08,450,283,750,70,https://www.domain.com.au/237-essex-street-west-footscray-vic-3012-2017914895,385.0
161,Sale,2017907760,2022-07-01T10:50:42,550000,550000,550000,"$550,000",House,1.0,3.0,2.0,,56,St Albans Street,Geelong & District - Greater Area,Melbourne Region,ST ALBANS PARK,3219,"56 St Albans Street, St Albans Park",0.22901612006670372,47.0,2014.5531038743854,6.0,605000.0,410.0,17.0,4.0,420000.0,610000,77,1900000,323000,410000,550000,688000,995000,578000,79,1680000,350000,15,10,,22,,415,50,567,330,https://www.domain.com.au/56-st-albans-street-st-albans-park-vic-3219-2017907760,659.0
162,Sale,2017905907,2022-06-30T15:03:44,439000,439000,439000,"$439,000",House,1.0,3.0,2.0,,4,Tenth Street,Eildon & Murrindindi - Greater Area,Melbourne Region,EILDON,3713,"4 Tenth Street, Eildon",0.2898550724637681,24.0,1368.5641746981362,3.0,411000.0,0.0,107.0,0.0,270000.0,378000,46,1500000,165000,255000,330000,485000,720000,392000,50,1500000,159000,,,,77,4.17,,6,380,300,https://www.domain.com.au/4-tenth-street-eildon-vic-3713-2017905907,592.0
163,Sale,2017903547,2022-06-29T17:39:30,730000,730000,730000,"$730,000",House,2.0,4.0,2.0,,20,Seacombe Grove,Mornington Peninsula & District - Greater Area,Melbourne Region,SOMERVILLE,3912,"20 Seacombe Grove, Somerville",0.18954074860631803,65.0,3246.5938450868193,11.0,975000.0,0.0,18.0,1.0,765000.0,815000,187,3500000,495000,600000,750000,1015000,1539000,760000,206,3400000,99000,9,5,,28,,500,45,1200,340,https://www.domain.com.au/20-seacombe-grove-somerville-vic-3912-2017903547,
164,Sale,2017903054,2022-06-29T16:24:27,550000,550000,550000,"$550,000",House,1.0,3.0,2.0,,8,Atlanta Close,Hume City Council - Greater Area,Melbourne Region,SUNBURY,3429,"8 Atlanta Close, Sunbury",0.2168743850442768,365.0,2031.2023030799587,48.0,610000.0,390.0,21.0,14.0,475000.0,657000,784,3000000,207000,480000,586000,775000,1200000,600000,1979,26250000,50000,64,34,,27,4.08,400,583,900,190,https://www.domain.com.au/8-atlanta-close-sunbury-vic-3429-2017903054,513.0
165,Sale,2017898727,2022-06-28T12:18:03,599000,599000,599000,"$599,000",House,2.0,3.0,1.0,,13,Wheat Walk,Brimbank City Council - Greater Area,Melbourne Region,DELAHEY,3037,"13 Wheat Walk, Delahey",0.23297914207005116,71.0,2157.7362170423166,12.0,648000.0,370.0,29.0,4.0,517000.0,655000,97,953000,420000,500000,595000,725000,851000,590000,110,820000,55000,55,37,,30,,375,75,480,300,https://www.domain.com.au/13-wheat-walk-delahey-vic-3037-2017898727,465.0
166,Sale,2017893415,2022-06-24T14:18:25,690000,690000,690000,"$690,000",House,2.0,3.0,2.0,,13,Darriwill Close,Brimbank City Council - Greater Area,Melbourne Region,DELAHEY,3037,"13 Darriwill Close, Delahey",0.23297914207005116,71.0,2157.7362170423166,12.0,648000.0,370.0,29.0,4.0,517000.0,655000,97,953000,420000,500000,595000,725000,851000,590000,110,820000,55000,55,37,,30,,375,75,480,300,https://www.domain.com.au/13-darriwill-close-delahey-vic-3037-2017893415,630.0
167,Sale,2017885848,2022-06-22T09:50:35,585000,585000,585000,"$585,000",House,2.0,3.0,1.0,,27a,Keeper Street,Hume City Council - Greater Area,Melbourne Region,SUNBURY,3429,"27a Keeper Street, Sunbury",0.2168743850442768,365.0,2031.2023030799587,48.0,610000.0,390.0,21.0,14.0,475000.0,657000,784,3000000,207000,480000,586000,775000,1200000,600000,1979,26250000,50000,64,34,,27,4.08,400,583,900,190,https://www.domain.com.au/27a-keeper-street-sunbury-vic-3429-2017885848,300.0
168,Sale,2017883317,2022-06-21T11:05:08,769000,769000,769000,"$769,000",House,2.0,3.0,3.0,,1,Hutton Close,Geelong & District - Greater Area,Melbourne Region,ARMSTRONG CREEK,3217,"1 Hutton Close, Armstrong Creek",,,,,,,,,,,,,,,,,,,,,,,,,,,,,,,https://www.domain.com.au/1-hutton-close-armstrong-creek-vic-3217-2017883317,547.0
169,Sale,2017880719,2022-06-20T12:05:34,680000,680000,720000,"$680,000 to $720,000",House,2.0,4.0,2.0,,8,Henderson Street,Casey City - Greater Area,Melbourne Region,CLYDE,3978,"8 Henderson Street, Clyde",0.24328358208955222,170.0,2330.8878887802807,36.0,700000.0,450.0,41.0,15.0,590000.0,660000,316,11000000,395000,490000,600000,740000,978000,600000,1751,2800000,77000,6,5,,43,3.35,440,314,670,355,https://www.domain.com.au/8-henderson-street-clyde-vic-3978-2017880719,350.0
170,Sale,2017880155,2022-06-20T09:39:11,500000,500000,500000,"$500,000",House,1.0,3.0,2.0,,52,James Cook Drive,Melton City - Greater Area,Melbourne Region,MELTON WEST,3337,"52 James Cook Drive, Melton West",0.25630563798219586,113.0,1648.27072135177,16.0,495000.0,340.0,45.0,10.0,400000.0,535000,222,1100000,325000,412000,470000,600000,725000,509000,261,2500000,63000,37,21,,39,4.02,350,183,550,260,https://www.domain.com.au/52-james-cook-drive-melton-west-vic-3337-2017880155,753.0
171,Sale,2017879906,2022-06-19T14:50:52,600000,600000,600000,"$600,000",House,1.0,3.0,2.0,,5,Pluto Court,Geelong & District - Greater Area,Melbourne Region,NEWCOMB,3219,"5 Pluto Court, Newcomb",0.38510301109350237,76.0,2047.8515022855322,14.0,615000.0,395.0,28.0,3.0,512000.0,600000,115,1740000,245000,443000,550000,670000,950000,550000,123,1550000,235000,56,36,,29,5.42,393,134,590,260,https://www.domain.com.au/5-pluto-court-newcomb-vic-3219-2017879906,709.0
172,Sale,2017865210,2022-06-10T17:01:30,480000,480000,480000,"$480,000",House,1.0,3.0,2.0,,72,Myrtle Street,Eildon & Murrindindi - Greater Area,Melbourne Region,ALEXANDRA,3714,"72 Myrtle Street, Alexandra",0.22200584225900682,41.0,1748.1659165852104,5.0,525000.0,350.0,23.0,1.0,340000.0,535000,72,1220000,65000,265000,416000,615000,802000,525000,70,1300000,68000,2,1,,31,5.14,350,25,450,290,https://www.domain.com.au/72-myrtle-street-alexandra-vic-3714-2017865210,838.0
173,Sale,2017859987,2022-06-09T10:21:16,575000,575000,575000,"$575,000",House,1.0,4.0,3.0,,36,Hillside Avenue,Eildon & Murrindindi - Greater Area,Melbourne Region,EILDON,3713,"36 Hillside Avenue, Eildon",0.2898550724637681,11.0,1198.7423428012871,2.0,360000.0,0.0,0.0,0.0,315000.0,378000,46,1500000,165000,255000,330000,485000,720000,392000,50,1500000,159000,,,,77,4.17,,6,380,300,https://www.domain.com.au/36-hillside-avenue-eildon-vic-3713-2017859987,
174,Sale,2017855440,2022-06-07T15:43:17,795000,795000,864000,"$795,000 to $864,000",House,2.0,5.0,2.0,,30,BORONIA AVENUE,Casey City - Greater Area,Melbourne Region,CRANBOURNE,3977,"30 BORONIA AVENUE, Cranbourne",0.3125674633770239,16.0,2973.546978115415,4.0,893000.0,0.0,51.0,0.0,510000.0,635000,472,1700000,360000,455000,580000,700000,943000,600000,587,7980000,212000,20,14,,43,3.76,390,381,570,250,https://www.domain.com.au/30-boronia-avenue-cranbourne-vic-3977-2017855440,562.0
175,Sale,2017849073,2022-06-03T13:21:20,520000,520000,520000,"$520,000",House,1.0,3.0,2.0,,161,St Albans Road,Geelong & District - Greater Area,Melbourne Region,THOMSON,3219,"161 St Albans Road, Thomson",0.5218023255813954,26.0,2051.181342126647,5.0,616000.0,400.0,18.0,5.0,432000.0,607000,43,950000,430000,435000,505000,640000,783000,535000,46,800000,55000,23,19,,25,,390,57,640,275,https://www.domain.com.au/161-st-albans-road-thomson-vic-3219-2017849073,540.0
176,Sale,2017847704,2022-06-02T18:38:43,675000,675000,675000,"$675,000",House,2.0,3.0,2.0,,86,Grassbird Drive,Wyndham City Council - Greater Area,Melbourne Region,POINT COOK,3030,"86 Grassbird Drive, Point Cook",0.30767119527926445,354.0,2127.767658472285,56.0,639000.0,390.0,57.0,24.0,512000.0,740000,1517,3400000,75000,535000,649000,880000,1275000,700000,2066,15500000,30000,258,132,,54,4.18,410,2223,1200,7,https://www.domain.com.au/86-grassbird-drive-point-cook-vic-3030-2017847704,
177,Sale,2017838918,2022-05-31T11:56:50,745000,745000,745000,"$745,000",House,2.0,3.0,2.0,,45,Grand Arch Way,Casey City - Greater Area,Melbourne Region,BERWICK,3806,"45 Grand Arch Way, Berwick",0.21949912950314718,337.0,2447.4322832192947,39.0,735000.0,420.0,28.0,32.0,570000.0,865000,964,6315000,200000,592000,739000,1060000,1450000,790000,2005,7500000,69000,188,111,,33,5.3,450,885,1400,98,https://www.domain.com.au/45-grand-arch-way-berwick-vic-3806-2017838918,
178,Sale,2017837997,2022-05-30T17:40:20,742100,742100,742100,"$742,100",House,2.0,4.0,2.0,,470,Pomerania Street,Whittlesea City Council - Greater Area,Melbourne Region,WOLLERT,3750,"470 Pomerania Street, Wollert",0.21390168970814133,354.0,2400.814525443689,113.0,721000.0,450.0,80.0,20.0,578000.0,669000,601,1600000,320000,471000,590000,775000,975000,607000,2351,1650000,15000,190,112,,74,4.29,420,521,,310,https://www.domain.com.au/470-pomerania-street-wollert-vic-3750-2017837997,415.0
179,Sale,2017829654,2022-05-26T09:23:04,780000,780000,780000,"$760,000",House,2.0,4.0,1.0,,11,Beckley Street,Geelong & District - Greater Area,Melbourne Region,HERNE HILL,3218,"11 Beckley Street, Herne Hill",0.38596491228070173,11.0,2936.9187398631534,3.0,882000.0,490.0,0.0,0.0,715000.0,745000,83,2270000,280000,324000,665000,825000,1101000,675000,85,1300000,249000,49,39,,24,,433,86,800,220,https://www.domain.com.au/11-beckley-street-herne-hill-vic-3218-2017829654,589.0
180,Sale,2017825497,2022-05-24T15:36:03,575000,575000,575000,"$575,000",House,1.0,3.0,2.0,,3,Quartz Street,Brimbank City Council - Greater Area,Melbourne Region,DELAHEY,3037,"3 Quartz Street, Delahey",0.23297914207005116,71.0,2157.7362170423166,12.0,648000.0,370.0,29.0,4.0,517000.0,655000,97,953000,420000,500000,595000,725000,851000,590000,110,820000,55000,55,37,,30,,375,75,480,300,https://www.domain.com.au/3-quartz-street-delahey-vic-3037-2017825497,521.0
181,NewHomes,2017795678,2022-05-11T09:37:06,685000,685000,710000,"$685,000 to $710,000",House,2.0,4.0,2.0,,49,Conservatory Drive,Melton City - Greater Area,Melbourne Region,DEANSIDE,3336,"49 Conservatory Drive, Deanside",,,,,,,,,,594000,95,870000,307000,447000,526000,669000,800000,592000,1128,1084000,192000,3,1,,75,,410,62,490,370,https://www.domain.com.au/49-conservatory-drive-deanside-vic-3336-2017795678,350.0
182,Sale,2017780345,2022-05-04T15:19:22,580000,580000,600000,"$580,000 to $600,000",House,2.0,3.0,2.0,,7,Darkum Street (enter via Cherokee Parade),Casey City - Greater Area,Melbourne Region,CLYDE,3978,"7 Darkum Street (enter via Cherokee Parade), Clyde",0.24328358208955222,116.0,1997.903904668812,14.0,600000.0,410.0,43.0,8.0,459000.0,660000,316,11000000,395000,490000,600000,740000,978000,600000,1751,2800000,77000,6,5,,43,3.35,440,314,670,355,https://www.domain.com.au/7-darkum-street-enter-via-cherokee-parade-clyde-vic-3978-2017780345,
183,Sale,2017774608,2022-05-02T19:16:03,680000,680000,730000,"$680,000 to $730,000",House,2.0,4.0,2.0,,140,Eminence Boulevard,Nillumbik Shire - Greater Area,Melbourne Region,DOREEN,3754,"140 Eminence Boulevard, Doreen",0.22499239890544237,319.0,2663.8718728917493,28.0,800000.0,435.0,24.0,19.0,633000.0,740000,561,4590000,125000,536000,650000,880000,1265000,650000,840,5657000,100000,91,59,,27,5.15,420,433,850,325,https://www.domain.com.au/140-eminence-boulevard-doreen-vic-3754-2017774608,466.0
184,Sale,2017767972,2022-04-29T10:07:51,450000,450000,450000,"$450,000",House,1.0,2.0,1.0,,36,Yeats Drive,Brimbank City Council - Greater Area,Melbourne Region,DELAHEY,3037,"36 Yeats Drive, Delahey",0.23297914207005116,3.0,0.0,1.0,0.0,0.0,0.0,0.0,0.0,655000,97,953000,420000,500000,595000,725000,851000,590000,110,820000,55000,55,37,,30,,375,75,480,300,https://www.domain.com.au/36-yeats-drive-delahey-vic-3037-2017767972,
185,Sale,2017755467,2022-04-23T17:58:58,699000,699000,750000,"$699,000 to $750,000",House,2.0,4.0,2.0,,58,Cuttlefish Circuit,Wyndham City Council - Greater Area,Melbourne Region,TARNEIT,3029,"58 Cuttlefish Circuit, Tarneit",0.30038510911424904,817.0,2181.0450959301197,221.0,655000.0,400.0,59.0,79.0,550000.0,625000,1340,1400000,278000,460000,560000,695000,855000,592000,5354,6978000,,128,81,,61,3.74,385,1909,740,7,https://www.domain.com.au/58-cuttlefish-circuit-tarneit-vic-3029-2017755467,448.0
186,Sale,2017747883,2022-04-20T17:24:53,503210,503210,503210,"$503,210",House,2.0,4.0,1.0,,29,"Mondegreen Close,",Wyndham City Council - Greater Area,Melbourne Region,WYNDHAM VALE,3024,"29 Mondegreen Close, Wyndham Vale",0.2818297691545107,256.0,2014.5531038743854,49.0,605000.0,370.0,63.0,35.0,500000.0,550000,576,1045000,226000,415000,488000,625000,770000,528000,1775,4300000,15000,64,50,,55,4.19,350,834,550,87,https://www.domain.com.au/29-mondegreen-close-wyndham-vale-vic-3024-2017747883,249.0
187,Sale,2017745436,2022-04-20T10:38:28,610000,610000,610000,"$610,000",House,2.0,4.0,2.0,,21,Gundagai Circuit,Hume City Council - Greater Area,Melbourne Region,KALKALLO,3064,"21 Gundagai Circuit, Kalkallo",0.24324324324324326,137.0,2164.395896724546,55.0,650000.0,420.0,83.0,21.0,555000.0,635000,222,1980000,60000,492000,575000,685000,852000,582000,771,2700000,189000,18,12,,82,3.85,410,199,1962,350,https://www.domain.com.au/21-gundagai-circuit-kalkallo-vic-3064-2017745436,
188,Sale,2017739478,2022-04-14T17:24:48,800000,800000,865000,"$800,000 to $865,000",House,2.0,5.0,2.0,,1,Dempster Street,Maribyrnong City Council - Greater Area,Melbourne Region,WEST FOOTSCRAY,3012,"1 Dempster Street, West Footscray",0.44580335731414866,4.0,0.0,1.0,0.0,0.0,0.0,1.0,0.0,951000,186,1977000,410000,620000,773000,1255000,1585000,853000,223,3000000,209000,144,91,,46,5.08,450,283,750,70,https://www.domain.com.au/1-dempster-street-west-footscray-vic-3012-2017739478,
189,Sale,2017734803,2022-04-13T14:00:37,639000,639000,639000,"$639,000",House,2.0,3.0,1.0,,49,Kinglake Crescent,Hume City Council - Greater Area,Melbourne Region,CRAIGIEBURN,3064,"49 Kinglake Crescent, Craigieburn",0.2830965909090909,642.0,1947.9563070520917,65.0,585000.0,390.0,43.0,28.0,440000.0,635000,1397,19380000,60000,415000,555000,715000,926000,595000,1737,10000000,,609,427,,49,4.01,400,1402,2190,290,https://www.domain.com.au/49-kinglake-crescent-craigieburn-vic-3064-2017734803,
190,Sale,2017731377,2022-04-12T12:31:24,589000,589000,589000,"$589,000",House,1.0,3.0,1.0,,26,John Street,Eildon & Murrindindi - Greater Area,Melbourne Region,ALEXANDRA,3714,"26 John Street, Alexandra",0.22200584225900682,41.0,1748.1659165852104,5.0,525000.0,350.0,23.0,1.0,340000.0,535000,72,1220000,65000,265000,416000,615000,802000,525000,70,1300000,68000,2,1,,31,5.14,350,25,450,290,https://www.domain.com.au/26-john-street-alexandra-vic-3714-2017731377,847.0
191,Sale,2017730976,2022-04-12T10:57:11,773000,773000,773000,"$773,000",House,2.0,3.0,2.0,,8,Gould Terrace,Eildon & Murrindindi - Greater Area,Melbourne Region,MARYSVILLE,3779,"8 Gould Terrace, Marysville",0.20359281437125748,6.0,0.0,3.0,0.0,0.0,0.0,0.0,0.0,725000,14,1250000,518000,518000,620000,985000,1250000,789000,26,1400000,310000,,,,67,,,1,300,300,https://www.domain.com.au/8-gould-terrace-marysville-vic-3779-2017730976,1347.0
192,Sale,2017720349,2022-04-06T17:28:35,650000,650000,695000,"$650,000 to $695,000",House,1.0,3.0,2.0,,92,Jesson Crescent,Dandenong - Greater Area,Melbourne Region,DANDENONG,3175,"92 Jesson Crescent, Dandenong",0.5806963819893388,176.0,2191.0346154534636,20.0,658000.0,405.0,74.0,9.0,500000.0,644000,335,4720000,200000,383000,510000,752000,1045000,599000,440,5400000,,102,45,,81,5.27,390,475,1564,170,https://www.domain.com.au/92-jesson-crescent-dandenong-vic-3175-2017720349,
193,Sale,2017702780,2022-03-31T10:46:26,530000,530000,530000,"$530,000",House,1.0,3.0,1.0,,33,Cloverdale Drive,Geelong & District - Greater Area,Melbourne Region,CORIO,3214,"33 Cloverdale Drive, Corio",0.3934489402697495,260.0,1664.9199205573432,50.0,500000.0,350.0,25.0,16.0,400000.0,500000,330,925000,272000,390000,450000,545000,642000,500000,513,1000000,53000,21,11,,25,5.08,350,256,500,210,https://www.domain.com.au/33-cloverdale-drive-corio-vic-3214-2017702780,557.0
194,Sale,2017700881,2022-03-30T15:24:51,495000,495000,495000,"$495,000",House,2.0,3.0,1.0,,2940,Mondegreen Close,Wyndham City Council - Greater Area,Melbourne Region,WYNDHAM VALE,3024,"2940 Mondegreen Close, Wyndham Vale",0.2818297691545107,276.0,1654.9304010339993,32.0,497000.0,330.0,43.0,22.0,410000.0,550000,576,1045000,226000,415000,488000,625000,770000,528000,1775,4300000,15000,64,50,,55,4.19,350,834,550,87,,
195,Sale,2017699190,2022-03-30T10:28:08,798000,798000,798000,"$798,000",House,1.0,3.0,2.0,,24,Virginia Crescent,Banyule Council - Greater Area,Melbourne Region,BUNDOORA,3083,"24 Virginia Crescent, Bundoora",0.2820968458462905,230.0,2763.76706812519,23.0,830000.0,420.0,55.0,34.0,610000.0,868000,399,2375000,425000,620000,765000,1048000,1395000,780000,454,2100000,320000,302,214,,54,6.97,430,524,950,140,,544.0
196,Sale,2017601184,2022-03-29T15:14:18,463580,463580,463580,"$463,580",House,1.0,3.0,1.0,,Lot 119,Deanside Central Estate,Melton City - Greater Area,Melbourne Region,DEANSIDE,3336,"Lot 119 Deanside Central Estate, Deanside",,,,,,,,,,594000,95,870000,307000,447000,526000,669000,800000,592000,1128,1084000,192000,3,1,,75,,410,62,490,370,,
197,Sale,2017696563,2022-03-29T11:48:47,620000,620000,680000,"$620,000 to $680,000",House,1.0,2.0,2.0,,9,Renown Street,Maribyrnong City Council - Greater Area,Melbourne Region,MAIDSTONE,3012,"9 Renown Street, Maidstone",0.45743989603638724,39.0,2297.5894903691337,3.0,690000.0,405.0,43.0,1.0,535000.0,840000,146,1900000,525000,575000,705000,1015000,1303000,780000,189,3600000,105000,110,74,,38,3.01,450,328,1000,180,,
198,Sale,2017661880,2022-03-15T11:06:58,550000,550000,550000,"$550,000",House,1.0,3.0,6.0,,,,Melton City - Greater Area,Melbourne Region,KURUNJANG,3337,Kurunjang,0.23636363636363636,115.0,1598.3231237350494,23.0,480000.0,330.0,48.0,5.0,400000.0,530000,263,1450000,250000,415000,460000,640000,1180000,509000,339,1500000,43000,14,8,,44,3.36,340,201,700,270,,667.0
